"session","created","modified","ended","expired","time_0b_start","plan_bev","mc_bev_make","mc_bev_audi","mc_bev_bmw","mc_bev_cadillac","mc_bev_chevrolet","mc_bev_fiat","mc_bev_ford","mc_bev_genesis","mc_bev_gmc","mc_bev_honda","mc_bev_hyundai","mc_bev_jaguar","mc_bev_kia","mc_bev_lexus","mc_bev_lucid","mc_bev_mazda","mc_bev_mercedes_benz","mc_bev_mini","mc_bev_mitsubishi","mc_bev_nissan","mc_bev_polestar","mc_bev_porsche","mc_bev_rivian","mc_bev_subaru","mc_bev_tesla","mc_bev_toyota","mc_bev_vin_fast","mc_bev_volkswagen","mc_bev_volvo","mc_bev_year","user_model","user_bev","time_0b_end"
"4TU825TlOoflL6yLKIG6Yh5SA7dZTjsm-cZepEhrFgDhSi3VeCtyMML04bipwg8_","2024-03-07 11:08:19","2024-03-07 11:08:27","2024-03-07 11:08:28","","2024-03-07 11:08:19","no","","","","","","","","","","","","","","","","","","","","","","","","","","","","","","","","NA_NA","2024-03-07 11:08:28"
"F8X8IsR7mFteU12F92zBV13z1jK7-DAx54V-q0GTx8bc_yllyz3sxEt_-6mbs6xq","2024-03-07 14:59:33","2024-03-07 14:59:39","2024-03-07 14:59:40","","2024-03-07 14:59:33","no","","","","","","","","","","","","","","","","","","","","","","","","","","","","","","","","NA_NA","2024-03-07 14:59:39"
"_9PV65nmeVRBKNb4AgevB9eabC4F09XRB7jLk27lDPSWq_89gSXdYJ1HH9Gjq_nw","2024-03-07 15:23:03","2024-03-07 15:23:18","2024-03-07 15:23:19","","2024-03-07 15:23:03","no","","","","","","","","","","","","","","","","","","","","","","","","","","","","","","","","NA_NA","2024-03-07 15:23:19"
"zpJk01ISomzqvyFPVpzzmRhY8Jiqss69rLSze86QcETrWNts1wTG3d5l1rQyGUah","2024-03-07 15:23:36","2024-03-07 15:23:44","2024-03-07 15:23:45","","2024-03-07 15:23:36","no","","","","","","","","","","","","","","","","","","","","","","","","","","","","","","","","NA_NA","2024-03-07 15:23:44"
"heZG18D0ZMsG7NE6X81H1DHIngBc-4DUfajHhN01r4B-DVXtlFFd57w2gae3XksC","2024-03-07 17:55:17","2024-03-07 17:55:26","2024-03-07 17:55:27","","2024-03-07 17:55:17","no","","","","","","","","","","","","","","","","","","","","","","","","","","","","","","","","NA_NA","2024-03-07 17:55:26"
"H8PcGwBgE0n4qriPeBIc71jjMAvDqgkkgQJpRxQgATX9-2y7cCjee2YiPruzj9HV","2024-03-07 20:48:24","2024-03-07 20:48:33","2024-03-07 20:48:33","","2024-03-07 20:48:24","no","","","","","","","","","","","","","","","","","","","","","","","","","","","","","","","","NA_NA","2024-03-07 20:48:33"
"Kh_UiGF4qPhsmWGniF5xgfaR6V2GMHazJNYBF3RTuPjQIAs9ezOcyatXsMvuhwrg","2024-03-07 22:00:41","2024-03-07 22:00:50","2024-03-07 22:00:51","","2024-03-07 22:00:41","no","","","","","","","","","","","","","","","","","","","","","","","","","","","","","","","","NA_NA","2024-03-07 22:00:51"
"caYgaM0L7unNRmNHElvPxEVF9c4TlHWoZRtyntoU0ORjPIC_EGKgCrLQ5dPD6yqv","2024-03-07 22:49:58","2024-03-07 22:50:07","2024-03-07 22:50:08","","2024-03-07 22:49:58","no","","","","","","","","","","","","","","","","","","","","","","","","","","","","","","","","NA_NA","2024-03-07 22:50:07"
"88cz0MBmqDjH4zlqBayf0RvxolNRsWavBOKQD6RXIcYM1efWxv4XlCxKAv6SewOq","2024-03-08 04:44:29","2024-03-08 04:44:40","2024-03-08 04:44:41","","2024-03-08 04:44:29","no","","","","","","","","","","","","","","","","","","","","","","","","","","","","","","","","NA_NA","2024-03-08 04:44:40"
"vEXftgy26F_kmXuMc9zVoh79_qu1twbOG4eaYPwz3Ca1893TnBd1cy_O9oGS4GTP","2024-03-08 06:57:46","2024-03-08 06:57:59","2024-03-08 06:57:59","","2024-03-08 06:57:46","no","","","","","","","","","","","","","","","","","","","","","","","","","","","","","","","","NA_NA","2024-03-08 06:57:59"
"Pjlssv45Th-qiziVUh3yvt0vS0BXrnufCxArUMxu-bb2OcYomxkVPslPSdnfvnND","2024-03-08 08:08:04","2024-03-08 08:16:13","2024-03-08 08:16:14","","2024-03-08 08:08:04","yes","ford","","","","","","f_150_lightning","","","","","","","","","","","","","","","","","","","","","","","2021","f_150_lightning","ford_f_150_lightning","2024-03-08 08:16:14"
"yO0kWcmLopZZpqbsz1lM8gM0SfgapU15gx0caiIOsTUf6eGUwIEJqQ1ZyHQvIYKs","2024-03-08 08:33:58","2024-03-08 08:34:06","2024-03-08 08:34:07","","2024-03-08 08:33:58","yes","genesis","","","","","","","gv_60","","","","","","","","","","","","","","","","","","","","","","2016","gv_60","genesis_gv_60","2024-03-08 08:34:06"
"q5XLtj5ollOi5vNRB2NryMgb4qE9H5aK-ETJjIK-FSlw7nsM8C7SU6_YyIagWvwx","2024-03-08 10:44:26","2024-03-08 10:44:37","2024-03-08 10:44:37","","2024-03-08 10:44:26","no","","","","","","","","","","","","","","","","","","","","","","","","","","","","","","","","NA_NA","2024-03-08 10:44:37"
"X-o_REUqUbLW9bpwS86ePgGdLE9h5_fVgiy3mqHlhBld5vuqYMTDQMiuhACO7hfV","2024-03-08 13:52:24","2024-03-08 13:52:29","2024-03-08 13:52:30","","2024-03-08 13:52:25","no","","","","","","","","","","","","","","","","","","","","","","","","","","","","","","","","NA_NA","2024-03-08 13:52:29"
"GS-TcxSJtnMYJqlGiGAQIbKMdEBSLl190GFz9sLSRoqWUTqFNu2ED2nxSFp485sL","2024-03-08 16:45:19","2024-03-08 16:45:36","2024-03-08 16:45:37","","2024-03-08 16:45:19","no","","","","","","","","","","","","","","","","","","","","","","","","","","","","","","","","NA_NA","2024-03-08 16:45:37"
"cHlwMN906fZs1WfVfEgCSUDUR5HJppZLkDzeFBH0SHEKHMdVux5JmfXNqXVXPAhF","2024-03-08 17:28:43","2024-03-08 17:29:00","2024-03-08 17:29:01","","2024-03-08 17:28:43","no","","","","","","","","","","","","","","","","","","","","","","","","","","","","","","","","NA_NA","2024-03-08 17:29:00"
"YuWd7VVDbCmFRxsl8jYFLHzb53ohWJLU75nrxQm656tTSmP3azcx9t7Dr4rMaoew","2024-03-08 20:12:08","2024-03-08 20:12:20","2024-03-08 20:12:20","","2024-03-08 20:12:08","no","","","","","","","","","","","","","","","","","","","","","","","","","","","","","","","","NA_NA","2024-03-08 20:12:20"
"xnVoTIxmhlh7rYpIyFP8-GYND1bb_El6IgPK-Kr9zivKOhQ6b50LrorqyWBr9mQZ","2024-03-08 20:18:49","","","","2024-03-08 20:18:50","","","","","","","","","","","","","","","","","","","","","","","","","","","","","","","","","",""
"6fdPqf_O8Wzm6nS2_RlObGolv0XZs58UhAgJ1Y017D2c-myO3SC00bf08-Qk9OWW","2024-03-08 20:33:32","2024-03-08 20:33:39","2024-03-08 20:33:40","","2024-03-08 20:33:32","no","","","","","","","","","","","","","","","","","","","","","","","","","","","","","","","","NA_NA","2024-03-08 20:33:40"
"3eFT37Go_W9sXVnyyHlNXd7XQ_GU0Xr0UgpA9ApCHn3Q7jLt9_1tycK5O5yhA9xM","2024-03-08 21:13:04","2024-03-08 21:13:11","2024-03-08 21:13:12","","2024-03-08 21:13:04","no","","","","","","","","","","","","","","","","","","","","","","","","","","","","","","","","NA_NA","2024-03-08 21:13:12"
"jhrzB7oTd-N7mqpkM-EcQdiU3ScKzFszLNHTGVZ5sOvPd5jH6bsZJ_yxMXntqR-f","2024-03-08 21:23:41","2024-03-08 21:23:51","2024-03-08 21:23:52","","2024-03-08 21:23:42","no","","","","","","","","","","","","","","","","","","","","","","","","","","","","","","","","NA_NA","2024-03-08 21:23:52"
"pmuOGwfFeA1RD4LL36BrC_yBCAxBmtaUlN346bcAcXwWgIANLN73xJllZyx8V2d5","2024-03-08 22:11:50","2024-03-08 22:11:59","2024-03-08 22:12:00","","2024-03-08 22:11:50","no","","","","","","","","","","","","","","","","","","","","","","","","","","","","","","","","NA_NA","2024-03-08 22:12:00"
"sFiWKB925b_CmEJDzc5MP2NfX5FR0x5ruuUxcWxsHnVIMo1v8h1uzF3nfy6WvQzW","2024-03-08 22:13:34","2024-03-08 22:13:41","2024-03-08 22:13:42","","2024-03-08 22:13:34","no","","","","","","","","","","","","","","","","","","","","","","","","","","","","","","","","NA_NA","2024-03-08 22:13:42"
"dhjMiRPEHOyKsDlKWBUQzfsrmBpH1tM4J7nUw7UXVJ3I9b38T5rE3-cs7PBfnx-5","2024-03-08 23:56:45","2024-03-08 23:57:10","2024-03-08 23:57:11","","2024-03-08 23:56:45","no","","","","","","","","","","","","","","","","","","","","","","","","","","","","","","","","NA_NA","2024-03-08 23:57:11"
"KHaJ8Tx1L4HHoZGlF1bERKh8bvniX4EtvVUvOfxYO0yB4EwNErE1jcuGGWZpfRDG","2024-03-09 01:17:09","2024-03-09 01:17:19","2024-03-09 01:17:21","","2024-03-09 01:17:10","no","","","","","","","","","","","","","","","","","","","","","","","","","","","","","","","","NA_NA","2024-03-09 01:17:20"
"KX7Knfg2B0CwdyEaiPRY_pG4O6oupzjutWIXUndVqWCej4LVpmFfLQHoaAJpf3iT","2024-03-09 01:32:38","2024-03-09 01:33:38","2024-03-09 01:33:38","","2024-03-09 01:32:38","no","","","","","","","","","","","","","","","","","","","","","","","","","","","","","","","","NA_NA","2024-03-09 01:33:38"
"XV433OKOY4BWT6vsUf-vT4Lb3fZvo2P3uGkLoNF1VAS2V8CeSOy5L8ggEYYj_rIe","2024-03-09 01:48:03","2024-03-09 01:48:22","2024-03-09 01:48:22","","2024-03-09 01:48:03","no","","","","","","","","","","","","","","","","","","","","","","","","","","","","","","","","NA_NA","2024-03-09 01:48:22"
"z_Dm3H1fv2Pd5UdS1l3cjMIddocd6yRlLhC93CdGGSrSgMc9YzbFBtldM1TMqVxe","2024-03-09 02:24:26","2024-03-09 02:24:34","2024-03-09 02:24:35","","2024-03-09 02:24:26","no","","","","","","","","","","","","","","","","","","","","","","","","","","","","","","","","NA_NA","2024-03-09 02:24:35"
"HlQ_euql19HGCU88hU680XsQHJmgbUqzAiqUjq-521oQAzmPq94hnO-QzX8lLg7o","2024-03-09 02:38:01","2024-03-09 02:38:27","2024-03-09 02:38:27","","2024-03-09 02:38:01","yes","audi","e_tron_gt","","","","","","","","","","","","","","","","","","","","","","","","","","","","2023","e_tron_gt","audi_e_tron_gt","2024-03-09 02:38:27"
"V2xoNa1QCaz_r2TTpxyFuIzzyiS0Na0X-r2TiWLrFeHL3UCr-bX_Iz3SlQgLkknA","2024-03-09 06:05:22","2024-03-09 06:05:36","2024-03-09 06:05:36","","2024-03-09 06:05:22","no","","","","","","","","","","","","","","","","","","","","","","","","","","","","","","","","NA_NA","2024-03-09 06:05:36"
"bRgEm-yf4btAElJANrGwhKttqG3tFsBNgA-5FvEUw2cyWBwFtEd8qTDEfdWBVisl","2024-03-09 06:06:17","2024-03-09 06:06:27","2024-03-09 06:06:28","","2024-03-09 06:06:17","no","","","","","","","","","","","","","","","","","","","","","","","","","","","","","","","","NA_NA","2024-03-09 06:06:28"
"1uxmdn9gfBHg6u6zI-q8ydBOAYZATUg-Wpoa2CwmpUNQbwZhdkYh2Bf2g5V78miq","2024-03-09 06:33:56","2024-03-09 06:34:25","2024-03-09 06:34:26","","2024-03-09 06:33:56","yes","porsche","","","","","","","","","","","","","","","","","","","","","taycan","","","","","","","","2024","taycan","porsche_taycan","2024-03-09 06:34:26"
"ooyGbZEVnnpf-2QC38St9mQaXzn6l8tP02zqAWXRoTbMPH2Scr-KE6jY-MNMyg5v","2024-03-09 06:42:42","2024-03-09 06:43:00","2024-03-09 06:43:01","","2024-03-09 06:42:42","yes","chevrolet","","","","blazer_ev","","","","","","","","","","","","","","","","","","","","","","","","","2023","blazer_ev","chevrolet_blazer_ev","2024-03-09 06:43:01"
"lc4GShUlU7zCD-R50RlgvwHypgeCBDsEXhkdmIeldK8Wq7cTEOHENDfM9DgdKKrP","2024-03-09 15:59:01","2024-03-09 15:59:12","2024-03-09 15:59:13","","2024-03-09 15:59:01","no","","","","","","","","","","","","","","","","","","","","","","","","","","","","","","","","NA_NA","2024-03-09 15:59:13"
"nJd4gwKjflRqgiLTQ5pfOTMMHBqWHc_fpmzI6mRVR0aU1N6LumUnjRXNkvvFVF-Z","2024-03-09 19:32:26","","","","2024-03-09 19:32:26","","","","","","","","","","","","","","","","","","","","","","","","","","","","","","","","","",""
"nnSDZYK1HRWoAR-h4rXby0tbMrEZXjtaZmjJX7S2Bd_xqa5KxmqD-Owkhu7gnhH6","2024-03-09 19:56:56","2024-03-09 19:57:06","2024-03-09 19:57:06","","2024-03-09 19:56:56","no","","","","","","","","","","","","","","","","","","","","","","","","","","","","","","","","NA_NA","2024-03-09 19:57:06"
"onvFd_p_6zUhDG9ryi9qbML22GDlj_d3f9pg4oOcR7pTl9GJ4TWHZsKxO4vP9LKS","2024-03-09 20:51:18","2024-03-09 20:51:28","2024-03-09 20:51:29","","2024-03-09 20:51:18","no","","","","","","","","","","","","","","","","","","","","","","","","","","","","","","","","NA_NA","2024-03-09 20:51:28"
"rzanzSEqJHCBa1e42jbk-MuiQEwV5wsKvIStL-HIaLTp7XEUdOyn_DT7TmWOArSp","2024-03-09 23:53:42","2024-03-09 23:53:58","2024-03-09 23:53:59","","2024-03-09 23:53:42","yes","tesla","","","","","","","","","","","","","","","","","","","","","","","","model_x","","","","","2023","model_x","tesla_model_x","2024-03-09 23:53:59"
"EXvFkQub2FANQnHA0K3yWOBjlAebsOaZEVaXVahJVI96lBaGp_CFxtfodp_sa-zd","2024-03-09 23:54:52","","","","2024-03-09 23:54:52","","","","","","","","","","","","","","","","","","","","","","","","","","","","","","","","","",""
"9gCwKQe7B2lCZBUqXkJ8EpD3hELRRQOqfZgRNEO9x0_CAQi5qtu9-ExNoDmI62k6","2024-03-10 02:11:14","2024-03-10 02:11:49","2024-03-10 02:11:50","","2024-03-10 02:11:14","yes","tesla","","","","","","","","","","","","","","","","","","","","","","","","model_3","","","","","2023","model_3","tesla_model_3","2024-03-10 02:11:49"
"njBrTvpf10aJPmshjzU1jabZoYrGLk5MTcMhcFnB-dmsM5r4IXSwPKCbN1-ltn_d","2024-03-10 17:33:45","2024-03-10 17:34:05","2024-03-10 17:34:05","","2024-03-10 17:33:45","yes","nissan","","","","","","","","","","","","","","","","","","","ariya","","","","","","","","","","2023","ariya","nissan_ariya","2024-03-10 17:34:05"
"nsNoa6abrDSPg6DBso_0o3GWMRnSVLSCGqpPbz8CywTILT8sx7vkUFSkB_Pxk98m","2024-03-10 18:33:55","2024-03-10 18:34:41","2024-03-10 18:34:42","","2024-03-10 18:33:55","yes","nissan","","","","","","","","","","","","","","","","","","","leaf","","","","","","","","","","2024","leaf","nissan_leaf","2024-03-10 18:34:41"
"FBNJ0XJZaTnNrjP0s2jLlFtfFLR83ENMhuGjT5gBr9Wq3HLc6JStUP5SCaV5IuQh","2024-03-10 19:08:17","2024-03-10 19:08:26","2024-03-10 19:08:26","","2024-03-10 19:08:17","no","","","","","","","","","","","","","","","","","","","","","","","","","","","","","","","","NA_NA","2024-03-10 19:08:26"
"-g5SOwSZzGy4CxUP35NgTBAaeNy4JkpsqBrDQjJh6L8pZs4x5Plmi92UZCwtAerL","2024-03-10 19:56:02","2024-03-10 19:56:10","2024-03-10 19:56:10","","2024-03-10 19:56:02","no","","","","","","","","","","","","","","","","","","","","","","","","","","","","","","","","NA_NA","2024-03-10 19:56:10"
"5JJOZ69HCzUzZ-zQq6HHLHYBNVz0PmlMRCDY3qNp23NuTdcz2aXJpIbdjpMtaATG","2024-03-10 20:10:45","2024-03-10 20:10:57","2024-03-10 20:10:57","","2024-03-10 20:10:45","no","","","","","","","","","","","","","","","","","","","","","","","","","","","","","","","","NA_NA","2024-03-10 20:10:57"
"Ufpua2PkgTiXNGMAqRApF3yk8z2ixzSARWKQcRJrs5RIiUyE-fP381zxkM-FDxGb","2024-03-10 20:40:11","2024-03-10 20:40:20","2024-03-10 20:40:21","","2024-03-10 20:40:11","no","","","","","","","","","","","","","","","","","","","","","","","","","","","","","","","","NA_NA","2024-03-10 20:40:20"
"y1xDOyNH8aFv2rEK-iTGgVSfTjGuWUHWvCM15Zw8SrZboQP8SNIYkuWDyNOhW6rO","2024-03-10 22:35:16","2024-03-10 22:35:50","2024-03-10 22:35:50","","2024-03-10 22:35:17","yes","tesla","","","","","","","","","","","","","","","","","","","","","","","","model_x","","","","","idk","model_x","tesla_model_x","2024-03-10 22:35:50"
"Mdvm6OBlKV3dYHrRsiAHxzPRxKoPtWM0zGlkO0aReyOPU8yfvKhV4ZanJx26c4OP","2024-03-10 23:15:12","2024-03-10 23:15:19","2024-03-10 23:15:20","","2024-03-10 23:15:12","no","","","","","","","","","","","","","","","","","","","","","","","","","","","","","","","","NA_NA","2024-03-10 23:15:20"
"O1kLj350Kr4yE4i9ZHWp6ijCKdPMTMDMheO2Bsa_EgpxOCjBxBnmM8uCJyxL-O81","2024-03-11 00:36:37","2024-03-11 00:36:42","2024-03-11 00:36:44","","2024-03-11 00:36:39","no","","","","","","","","","","","","","","","","","","","","","","","","","","","","","","","","NA_NA","2024-03-11 00:36:44"
"uzQ-jMECblK60rMGciqDZD4A0kYBf0mmXTEcjxdQX4AhctK7igyr_uvSQH6boZt0","2024-03-11 00:49:20","2024-03-11 00:49:30","2024-03-11 00:49:33","","2024-03-11 00:49:22","no","","","","","","","","","","","","","","","","","","","","","","","","","","","","","","","","NA_NA","2024-03-11 00:49:32"
"0EAUpV2W0NzgQSuyJkiryuGSOkJvsDFgaIunWCouz3ommdy05TReC4IOI1JcF3t-","2024-03-11 00:52:05","2024-03-11 00:52:12","2024-03-11 00:52:15","","2024-03-11 00:52:06","no","","","","","","","","","","","","","","","","","","","","","","","","","","","","","","","","NA_NA","2024-03-11 00:52:15"
"TeNKeFXofYuY4JQXbsKOkmbk27QqD_HuH0F790r5ZVLp-H5p7KqNEyNEOY24QRQS","2024-03-11 00:56:07","2024-03-11 00:56:17","2024-03-11 00:56:19","","2024-03-11 00:56:08","no","","","","","","","","","","","","","","","","","","","","","","","","","","","","","","","","NA_NA","2024-03-11 00:56:19"
"V55k348Z2KGvQI7dpiwf8x4eWXHUBDXCn4_RNFsrdrreiX0uKGovDiUZD85-avrQ","2024-03-11 01:16:51","2024-03-11 01:16:59","2024-03-11 01:17:02","","2024-03-11 01:16:53","no","","","","","","","","","","","","","","","","","","","","","","","","","","","","","","","","NA_NA","2024-03-11 01:17:02"
"j6GgEHk3RVEQADlk422JY2g0Nm8DC-Ok-Wxi0YT2JPrgmPmAF1MNVpanikz0Ts-_","2024-03-11 01:24:59","2024-03-11 01:25:10","2024-03-11 01:25:13","","2024-03-11 01:25:00","no","","","","","","","","","","","","","","","","","","","","","","","","","","","","","","","","NA_NA","2024-03-11 01:25:12"
"BQHQS4PerOAZwEZ1qNDe9m-NRjymFABmK7TPx555fr6jUgUYTafUf2izWS8M9yyq","2024-03-11 02:35:57","2024-03-11 02:36:06","2024-03-11 02:36:07","","2024-03-11 02:35:57","no","","","","","","","","","","","","","","","","","","","","","","","","","","","","","","","","NA_NA","2024-03-11 02:36:06"
"vYB17iwq8kHysb7WbfUg1BhF1nYuwiAIvCL72BVUKLLsOghECtVYF8lZHrSY1-E3","2024-03-11 02:56:43","2024-03-11 02:57:11","2024-03-11 02:57:12","","2024-03-11 02:56:43","yes","tesla","","","","","","","","","","","","","","","","","","","","","","","","model_y","","","","","2024","model_y","tesla_model_y","2024-03-11 02:57:12"
"pqcnN-hS9pQFNjlIP2otnbAQP-ufOuraQ-NpNBOWbyULu_T8ZjeoMjTb6AJ9BZ7k","2024-03-11 03:27:50","2024-03-11 03:28:51","2024-03-11 03:28:52","","2024-03-11 03:27:50","no","","","","","","","","","","","","","","","","","","","","","","","","","","","","","","","","NA_NA","2024-03-11 03:28:52"
"fJdOGSfGujcbOCs5pQjBFIMMuZ28w82_9DY3EeTWqVjOk40-YWD3q6lNgHnwEWnE","2024-03-12 03:01:12","2024-03-12 03:01:23","2024-03-12 03:01:24","","2024-03-12 03:01:13","no","","","","","","","","","","","","","","","","","","","","","","","","","","","","","","","","NA_NA","2024-03-12 03:01:24"
"HR9qxu0CaSZI6SmVJgBRVg-R64x6VY6AgivwmA9jrJjJZlUprA26J6DhIQvAkuJD","2024-03-12 05:42:26","2024-03-12 05:42:53","2024-03-12 05:42:54","","2024-03-12 05:42:26","yes","tesla","","","","","","","","","","","","","","","","","","","","","","","","model_3","","","","","2024","model_3","tesla_model_3","2024-03-12 05:42:53"
"a2zJB6KEYzYjhrXo1sO7p-jwFzL22DZgaUmIgFct1y5u6T8e632vboiVYvxv_Bwc","2024-03-12 12:00:53","2024-03-12 12:01:13","2024-03-12 12:01:14","","2024-03-12 12:00:53","no","","","","","","","","","","","","","","","","","","","","","","","","","","","","","","","","NA_NA","2024-03-12 12:01:13"
"2im_Qv0wgBL1_fC7IQiCug0xueEsTOA-FOZduQAoNIl7Mxd4C4p-aU6gfyH6Co5L","2024-03-12 13:26:26","2024-03-12 13:27:17","2024-03-12 13:27:18","","2024-03-12 13:26:27","yes","hyundai","","","","","","","","","","ioniq_6","","","","","","","","","","","","","","","","","","","2021","ioniq_6","hyundai_ioniq_6","2024-03-12 13:27:18"
"mJ5nELk1iIE-7VaQGdKMPIiT6fLjVEmxAcNJV_PZQAurx1HrlZ1AEQIY9YwaQiA5","2024-03-12 13:29:19","2024-03-12 13:29:46","2024-03-12 13:29:46","","2024-03-12 13:29:19","yes","ford","","","","","","e_transit_cargo_van","","","","","","","","","","","","","","","","","","","","","","","2023","e_transit_cargo_van","ford_e_transit_cargo_van","2024-03-12 13:29:46"
"TSfoo49cvfzzAlTfj1z44Ki28gcrjhzeUHJqbAv19_xxbjTbtLZFgBIRsqMhqq82","2024-03-12 13:53:21","2024-03-12 14:00:30","2024-03-12 14:00:31","","2024-03-12 13:53:21","yes","ford","","","","","","focus","","","","","","","","","","","","","","","","","","","","","","","2015","focus","ford_focus","2024-03-12 14:00:30"
"e5O6gYeLdUJl6PuVF_wVEoSPY6fPtYbdRmfJfuCdbjTIqQ2Jmf2w0HYI8ayynBJt","2024-03-12 14:00:11","2024-03-12 14:00:46","2024-03-12 14:00:47","","2024-03-12 14:00:11","yes","chevrolet","","","","bolt_ev","","","","","","","","","","","","","","","","","","","","","","","","","2020","bolt_ev","chevrolet_bolt_ev","2024-03-12 14:00:47"
"JjjvluZnwG2DONaDUNFFcPKm1T3jgsU_UZja9-hCvbGV6gtMRpDFYvcqzM9F3Y0g","2024-03-12 14:54:45","2024-03-12 14:55:53","2024-03-12 14:55:54","","2024-03-12 14:54:46","yes","chevrolet","","","","bolt_euv","","","","","","","","","","","","","","","","","","","","","","","","","2020","bolt_euv","chevrolet_bolt_euv","2024-03-12 14:55:54"
"CLlw8Ob2De4g--7ukC-Dxw0UqXfnjRUrZNS3weiWUAzluVf8UhlL1QX2neen_OpY","2024-03-12 15:50:50","2024-03-12 15:51:21","2024-03-12 15:51:22","","2024-03-12 15:50:51","yes","bmw","","i_4","","","","","","","","","","","","","","","","","","","","","","","","","","","2021","i_4","bmw_i_4","2024-03-12 15:51:21"
"9QthLZJvpPIU1gn8NGd4VIQbfVeDfFB6oWcNOLSoog1zEqPKDJd_CJNbf9JOwvS5","2024-03-12 16:58:24","2024-03-12 16:58:30","2024-03-12 16:58:31","","2024-03-12 16:58:24","no","","","","","","","","","","","","","","","","","","","","","","","","","","","","","","","","NA_NA","2024-03-12 16:58:31"
"GcXq3RXnkuCNMb0G6aHt9_FAkKpNbZ9bf0nDwDtPaTTAoTDRtIgtG4-QME_Un8cO","2024-03-12 17:47:13","2024-03-12 17:47:20","2024-03-12 17:47:21","","2024-03-12 17:47:13","no","","","","","","","","","","","","","","","","","","","","","","","","","","","","","","","","NA_NA","2024-03-12 17:47:21"
"dqjlw6FQRjkmi3WG0VC10GYaoSmiLK8TkrVQb3l489JbBsCMinfyyKJdO2h27Zek","2024-03-12 21:46:51","2024-03-12 21:47:21","2024-03-12 21:47:21","","2024-03-12 21:46:51","yes","polestar","","","","","","","","","","","","","","","","","","","","2","","","","","","","","","2023","2","polestar_2","2024-03-12 21:47:21"
"hROlie2sjcj9d6fgCLkn258DW9qWtWmKjByEI9K-cBrYxDnB6GSXVd94WGLkn2yp","2024-03-13 02:18:30","","","","2024-03-13 02:18:30","","","","","","","","","","","","","","","","","","","","","","","","","","","","","","","","","",""
"jPPQVzoSMMpmpJBM63kdEXn-R6Wa6WUM9O8Mj7hvguAF70h6KHY92NE3SEGbVjDW","2024-03-13 23:59:05","2024-03-13 23:59:25","2024-03-13 23:59:26","","2024-03-13 23:59:05","yes","chevrolet","","","","bolt_ev","","","","","","","","","","","","","","","","","","","","","","","","","idk","bolt_ev","chevrolet_bolt_ev","2024-03-13 23:59:25"
"ljhalenjk1XT9FJct0sIc5fW8S0ZrrUFtpSft7g1-pkxHOBUOB5RoovE7F6XixWx","2024-03-14 17:59:22","2024-03-14 17:59:34","2024-03-14 17:59:35","","2024-03-14 17:59:22","no","","","","","","","","","","","","","","","","","","","","","","","","","","","","","","","","NA_NA","2024-03-14 17:59:35"
"oxxwiE5SYgRyBufY29PZDZHZYFI3tNYacxrDekvGob1VGC0cH6KDI99IFT5O7gfh","2024-03-14 19:54:51","2024-03-14 19:55:02","2024-03-14 19:55:02","","2024-03-14 19:54:51","no","","","","","","","","","","","","","","","","","","","","","","","","","","","","","","","","NA_NA","2024-03-14 19:55:02"
"7Zk0cDZGQQlFjreoiq7ZJ_QO96aodxlmrXWSaeTm78qN2jqnSE1CCg6N-eTeC-aY","2024-03-15 00:07:13","2024-03-15 00:07:23","2024-03-15 00:07:24","","2024-03-15 00:07:13","no","","","","","","","","","","","","","","","","","","","","","","","","","","","","","","","","NA_NA","2024-03-15 00:07:24"
"JHSjonOokWEFaKdL9KYbGIDAublT60Tn5oZC0QF_qGxKkdwvAW6Oc4c5Ayk0Hchi","2024-03-15 15:55:52","2024-03-15 15:55:57","2024-03-15 15:55:58","","2024-03-15 15:55:52","no","","","","","","","","","","","","","","","","","","","","","","","","","","","","","","","","NA_NA","2024-03-15 15:55:58"
"4EGs9aXn3mInTQyRJJJoKbHM-c5H3EwLytuViuTaCVexsJc1-78Fqu6UoxBlG8xu","2024-03-20 21:57:09","2024-03-20 21:57:34","2024-03-20 21:57:34","","2024-03-20 21:57:09","yes","bmw","","i_5","","","","","","","","","","","","","","","","","","","","","","","","","","","2024","i_5","bmw_i_5","2024-03-20 21:57:34"
"cyqXmwun7bL_r-iLtvN07OVRLs22skQRB8Ghmmdz6QiT8HuT3R8W96b-_6izu1_E","2024-03-23 03:25:48","2024-03-23 03:26:20","2024-03-23 03:26:21","","2024-03-23 03:25:48","yes","chevrolet","","","","bolt_ev","","","","","","","","","","","","","","","","","","","","","","","","","idk","bolt_ev","chevrolet_bolt_ev","2024-03-23 03:26:21"
"ZJjp55w3LrlREB0dJRENMZBUhdLeLBsiJbbx7FQWO6qk22VjYQKQzEnkpkaqBlte","2024-03-30 20:02:06","2024-03-30 20:09:13","2024-03-30 20:09:13","","2024-03-30 20:02:07","yes","ford","","","","","","mustang_mach_e","","","","","","","","","","","","","","","","","","","","","","","2021","mustang_mach_e","ford_mustang_mach_e","2024-03-30 20:09:13"
"qFT_tu7lw9yvvvRQhhloLArYXd0KI71qAY78E6pansgXwEqfh1H5aikQf2Jo2fDK","2024-03-30 22:29:19","2024-03-30 22:30:06","2024-03-30 22:30:07","","2024-03-30 22:29:19","yes","vin_fast","","","","","","","","","","","","","","","","","","","","","","","","","","vf_8","","","2023","vf_8","vin_fast_vf_8","2024-03-30 22:30:07"
"ncMzLTbxVtFu71Ya5ASYr8fFRfWePTFOEOnCKc0sBIBE2oVfqHYyzzdfAoM1rEC_","2024-03-31 00:20:36","2024-03-31 00:20:51","2024-03-31 00:20:53","","2024-03-31 00:20:38","no","","","","","","","","","","","","","","","","","","","","","","","","","","","","","","","","NA_NA","2024-03-31 00:20:53"
"CiRgJtir7MRuqeUlFG-8KJ62vagvsGqArMaArihJhaeNuB7uaQo5chjZDEPe99_2","2024-03-31 06:11:10","","","","2024-03-31 06:11:10","","","","","","","","","","","","","","","","","","","","","","","","","","","","","","","","","",""
"68WFWVyscmDxv7VmkqX0mbesZB-Dfnb2_Kfkng7Qxfi7CdaEtzs2d1UVMdwUbskW","2024-03-31 06:20:24","2024-03-31 06:20:36","2024-03-31 06:20:37","","2024-03-31 06:20:25","no","","","","","","","","","","","","","","","","","","","","","","","","","","","","","","","","NA_NA","2024-03-31 06:20:37"
"Fc3303DnPOowK4KB5Ox0W3Qhe9DGvFcPC1BfkaUJki_DNYyeOsikO00H5BnHcZ3A","2024-03-31 16:19:39","2024-03-31 16:20:16","2024-03-31 16:20:16","","2024-03-31 16:19:39","yes","nissan","","","","","","","","","","","","","","","","","","","leaf","","","","","","","","","","2024","leaf","nissan_leaf","2024-03-31 16:20:16"
"ZAAb8akAjsli-_egVP5RWtgIF46Ke8P175zqhccsZ8T9lZVPvL1IPUp-31Ax-f4_","2024-03-31 16:39:31","2024-03-31 16:39:38","2024-03-31 16:39:39","","2024-03-31 16:39:31","no","","","","","","","","","","","","","","","","","","","","","","","","","","","","","","","","NA_NA","2024-03-31 16:39:39"
"eWoYIwdBpiwHonCIIZbzguE7yRCgyFzJami1s20GnXYF66oyCDFUT1C9YCfCI6Nz","2024-03-31 18:13:58","2024-03-31 18:14:42","2024-03-31 18:14:43","","2024-03-31 18:13:58","yes","tesla","","","","","","","","","","","","","","","","","","","","","","","","model_3","","","","","2024","model_3","tesla_model_3","2024-03-31 18:14:42"
"RLmGtteUDLbVpH8XiF-G5D8Oizz8rGR2pq59JMhDo9D_Kypvj2BPnrT14YPDTRT9","2024-03-31 23:25:46","2024-03-31 23:25:55","2024-03-31 23:25:55","","2024-03-31 23:25:46","no","","","","","","","","","","","","","","","","","","","","","","","","","","","","","","","","NA_NA","2024-03-31 23:25:55"
"-3cVN9d8gPtasdmXKpZiHj-0vE6Xp_mUzKRdIm6HkLyvG6lK7TgOGpxV1VUb992N","2024-04-01 02:35:22","2024-04-01 02:35:36","2024-04-01 02:35:37","","2024-04-01 02:35:22","no","","","","","","","","","","","","","","","","","","","","","","","","","","","","","","","","NA_NA","2024-04-01 02:35:37"
"DCBMMYIkgpBq8NCq2sRzzTq4jKfZmOkz-eFVGLuv5zW9Y6a7CTnPb8vdvUJKb216","2024-04-01 04:26:55","2024-04-01 04:27:40","2024-04-01 04:27:41","","2024-04-01 04:26:56","yes","tesla","","","","","","","","","","","","","","","","","","","","","","","","model_y","","","","","idk","model_y","tesla_model_y","2024-04-01 04:27:41"
"2C4hlOcKBpIiQygOkuVcDcpZPNCo5CDQiMz67WsYZoxbb8JGxF2dZHkDS1U7QStk","2024-04-01 06:50:34","2024-04-01 06:50:48","2024-04-01 06:50:49","","2024-04-01 06:50:34","yes","cadillac","","","lyriq","","","","","","","","","","","","","","","","","","","","","","","","","","2024","lyriq","cadillac_lyriq","2024-04-01 06:50:49"
"Qg6pGOOX2wGfuvNdQ6M34A145ivN69FsWx0e883IeNus-IwTXyB3kvYBfJYNoBEq","2024-04-02 23:16:41","2024-04-02 23:16:52","2024-04-02 23:16:53","","2024-04-02 23:16:41","no","","","","","","","","","","","","","","","","","","","","","","","","","","","","","","","","NA_NA","2024-04-02 23:16:53"
"6p83iHrj9C_t1PxkvdEGJgeD1i_1lM-nOq-mR8dyiSbI3V-jYIv9grnAdp-dLSxd","2024-04-03 04:24:27","2024-04-03 04:25:07","2024-04-03 04:25:08","","2024-04-03 04:24:27","yes","ford","","","","","","mustang_mach_e","","","","","","","","","","","","","","","","","","","","","","","2023","mustang_mach_e","ford_mustang_mach_e","2024-04-03 04:25:08"
"r83nr8s3CnZ7VyRzFsvdEJXwKyI6H5BOYw5BOybI6ZHKaduDAbMRGAfXDIs6zJRb","2024-04-09 04:20:30","2024-04-09 04:21:05","2024-04-09 04:21:08","","2024-04-09 04:20:31","yes","chevrolet","","","","bolt_euv","","","","","","","","","","","","","","","","","","","","","","","","","2024","bolt_euv","chevrolet_bolt_euv","2024-04-09 04:21:06"
"uT5MjFNZ8ZHX8d-5mkxJSoljs35g0klg814H4_m2XcCie5xqXaN4Bn1eJq-y0ZMa","2024-04-09 05:16:46","2024-04-09 05:16:56","2024-04-09 05:16:57","","2024-04-09 05:16:46","no","","","","","","","","","","","","","","","","","","","","","","","","","","","","","","","","NA_NA","2024-04-09 05:16:56"
"5wVgN_ZyY77haaMvF0WxOWGvASJWlspE1d69ke7L_Ebf8Kj9QNeDHBS4A0G1wpid","2024-04-09 05:27:10","2024-04-09 05:27:54","2024-04-09 05:27:55","","2024-04-09 05:27:11","no","","","","","","","","","","","","","","","","","","","","","","","","","","","","","","","","NA_NA","2024-04-09 05:27:55"
"-u5PLHovOmgw79Dt3skg_0Vj-PjKNBXAk0xE5H56Yhu2y3h9KmJ-CJDJq__u-qZE","2024-04-09 15:17:06","2024-04-09 15:17:19","2024-04-09 15:17:19","","2024-04-09 15:17:06","no","","","","","","","","","","","","","","","","","","","","","","","","","","","","","","","","NA_NA","2024-04-09 15:17:19"
"5-gXYg6aLS2T6pKV10a4ydeuLpI19hDWk6cOEG5rv44Y1zYuBWSFlHvNIXwqBMEx","2024-04-09 17:45:53","2024-04-09 17:46:07","2024-04-09 17:46:07","","2024-04-09 17:45:53","no","","","","","","","","","","","","","","","","","","","","","","","","","","","","","","","","NA_NA","2024-04-09 17:46:07"
"HYsmqZ84LniMbqSA-rgJ3AMBSQsZGM_0TQ4T4P_eNfKQfXkjhWPfJslMoWX3Em7R","2024-04-09 18:17:37","2024-04-09 18:18:33","2024-04-09 18:18:33","","2024-04-09 18:17:38","yes","kia","","","","","","","","","","","","ev_6","","","","","","","","","","","","","","","","","idk","ev_6","kia_ev_6","2024-04-09 18:18:33"
"BtJmbmbRPEgNGr-JHdtEqRjb0so9i3SKQHBBBc6s_kxdwMyl1MLxvnZcji2xQ3HL","2024-04-09 18:28:32","2024-04-09 18:28:41","2024-04-09 18:28:41","","2024-04-09 18:28:32","no","","","","","","","","","","","","","","","","","","","","","","","","","","","","","","","","NA_NA","2024-04-09 18:28:41"
"DH4HAUi0Xk0d9nodrOOgQ-Ti52NSly27oD_HLKWwKsUasmCHlvXhC3uj-86CP-qV","2024-04-09 21:55:50","2024-04-14 19:37:39","","","2024-04-09 21:55:50","","","","","","","","","","","","","","","","","","","","","","","","","","","","","","","","","",""
"3LyMpLuIAQsuGEiJJacHi_v5aP57tZymAhHe7fa9wIug-sRKKRdqKbPxmpXAu76i","2024-04-10 06:23:49","2024-04-10 06:24:05","2024-04-10 06:24:06","","2024-04-10 06:23:50","no","","","","","","","","","","","","","","","","","","","","","","","","","","","","","","","","NA_NA","2024-04-10 06:24:06"
"hhgJxFllMWes1Tp1-M4BDYsFbWaCcUTxpVZizLKAc5W7ZpWJRuVwRw943jGwPPze","2024-04-10 07:59:10","2024-04-10 07:59:21","2024-04-10 07:59:22","","2024-04-10 07:59:10","no","","","","","","","","","","","","","","","","","","","","","","","","","","","","","","","","NA_NA","2024-04-10 07:59:21"
"Qxrv_SmhJPhBh5NLkkcY3XvW3hquxdS4Ipw8lItO7YF9ZDsqPrmK0gn3M_Nmhq7a","2024-04-10 08:04:27","2024-04-10 08:04:38","2024-04-10 08:04:39","","2024-04-10 08:04:27","no","","","","","","","","","","","","","","","","","","","","","","","","","","","","","","","","NA_NA","2024-04-10 08:04:38"
"TLsw4nE1mplhR5Z23A3uHoqlElabKNJWUeNUdRSkdpzjrhKNM9lUjWAaNHrWN_6m","2024-04-10 09:50:54","2024-04-10 09:51:28","2024-04-10 09:51:29","","2024-04-10 09:50:54","yes","tesla","","","","","","","","","","","","","","","","","","","","","","","","model_y","","","","","2024","model_y","tesla_model_y","2024-04-10 09:51:29"
"GOydf3ocvfpYqrFboimFZaxnA6GaWM6xbez3Pq4YFzUPozs3gMCISgbqqQWbiCcK","2024-04-10 11:36:26","2024-04-10 11:36:36","2024-04-10 11:36:37","","2024-04-10 11:36:27","no","","","","","","","","","","","","","","","","","","","","","","","","","","","","","","","","NA_NA","2024-04-10 11:36:37"
"TXFaFIF8r9l_nq_3uDtA2hChdzbdlNYOohAn5B2TroV9DY5Za3fGkLWA4EmEEtnO","2024-04-10 13:48:13","2024-04-10 13:48:42","2024-04-10 13:48:42","","2024-04-10 13:48:14","yes","bmw","","i_4","","","","","","","","","","","","","","","","","","","","","","","","","","","2024","i_4","bmw_i_4","2024-04-10 13:48:42"
"ySXITiOpuCysVMO3YsRs18V45O3Z-bGvfAOZaJVi0igarsVjHkq45J6YuJYCx9Fr","2024-04-10 15:38:22","2024-04-10 15:39:13","2024-04-10 15:39:14","","2024-04-10 15:38:22","yes","tesla","","","","","","","","","","","","","","","","","","","","","","","","roadster","","","","","idk","roadster","tesla_roadster","2024-04-10 15:39:14"
"FyUQT34YIQFTsOStEPLDZbjtvY7rYhIy9t10ggnHE5L373AubGNUrD1Kq6lmfs94","2024-04-10 16:16:30","2024-04-10 16:16:40","","","2024-04-10 16:16:30","","","","","","","","","","","","","","","","","","","","","","","","","","","","","","","","","",""
"OHwMw8bX8vqbMPyULhcz2xfdfnqvKfqT4kqQpnEjtovrLg6bIq_KTDtpx2hr_Scn","2024-04-10 16:56:23","2024-04-10 16:56:34","2024-04-10 16:56:34","","2024-04-10 16:56:23","no","","","","","","","","","","","","","","","","","","","","","","","","","","","","","","","","NA_NA","2024-04-10 16:56:34"
"l_lQyHYg7q9l9n3iwhnoB3tAO8zYClgk7YpZS7ywE6Mm7nRNqtuIn-4oUuDdaVDF","2024-04-10 18:04:31","2024-04-10 18:04:40","2024-04-10 18:04:40","","2024-04-10 18:04:31","no","","","","","","","","","","","","","","","","","","","","","","","","","","","","","","","","NA_NA","2024-04-10 18:04:40"
"ujwIEZ2XJYWyp2f0x98-EvrdpqjUtVpGDZe8i2CKyQ5tvgM2yqteUzExf556qyVv","2024-04-10 18:46:39","2024-04-10 18:46:52","2024-04-10 18:46:52","","2024-04-10 18:46:39","no","","","","","","","","","","","","","","","","","","","","","","","","","","","","","","","","NA_NA","2024-04-10 18:46:52"
"UN5Op5h5U0tEtxubVjuPqgpDZGRlg8hfbouDkFXSpVhsK9XYvfc8DsERnyfaTdOY","2024-04-10 20:43:31","2024-04-10 20:43:45","2024-04-10 20:43:46","","2024-04-10 20:43:32","no","","","","","","","","","","","","","","","","","","","","","","","","","","","","","","","","NA_NA","2024-04-10 20:43:46"
"282CFSuOjgZrD1eoYq2jSmn7sLLLhdACwwYqGN13fPWlMKsy6fZOw4TsPhoapgns","2024-04-11 14:47:30","2024-04-11 14:47:52","2024-04-11 14:47:52","","2024-04-11 14:47:30","yes","nissan","","","","","","","","","","","","","","","","","","","leaf","","","","","","","","","","idk","leaf","nissan_leaf","2024-04-11 14:47:52"
"82xAt2iD9go0_RnDGqrIrMkAm_XaWDeAPWJ20N3JT8wJghKlvhICnWh3AYlv2-q6","2024-04-11 16:07:42","2024-04-11 16:08:24","2024-04-11 16:08:24","","2024-04-11 16:07:42","yes","mini","","","","","","","","","","","","","","","","","hardtop_2_door","","","","","","","","","","","","2022","hardtop_2_door","mini_hardtop_2_door","2024-04-11 16:08:24"
"XkmsvWCI4V4bYypl-JJvvkrWqguzag0Ct1Yt3FJQsn_QlSr3FdldV3exEuJeJVmg","2024-04-11 17:33:31","2024-04-11 17:34:02","2024-04-11 17:34:02","","2024-04-11 17:33:31","yes","volkswagen","","","","","","","","","","","","","","","","","","","","","","","","","","","id_4","","2024","id_4","volkswagen_id_4","2024-04-11 17:34:02"
"6mR2olEH4M9cCAH47alcxfHNmKqM96lG0P6Cq4f-iG9N5uktW_adLGGWalFUTtJ9","2024-04-11 20:11:39","2024-04-11 20:12:18","2024-04-11 20:12:19","","2024-04-11 20:11:39","no","","","","","","","","","","","","","","","","","","","","","","","","","","","","","","","","NA_NA","2024-04-11 20:12:18"
"HkQksPPFYUW4lGF1TDR9dIkVxA1CZC7ycCttf0NoLAGF_KDgnmNi5HmB9RjhZrkY","2024-04-11 21:04:01","2024-04-11 21:04:13","2024-04-11 21:04:14","","2024-04-11 21:04:01","no","","","","","","","","","","","","","","","","","","","","","","","","","","","","","","","","NA_NA","2024-04-11 21:04:13"
"DX70CU2HOaRNPaq8W0q70sLoJJW4Zm_2RxsC-J-_KBh1PGtObbss8ApuvSZlFKKP","2024-04-12 10:12:00","2024-04-12 10:14:00","2024-04-12 10:14:01","","2024-04-12 10:12:01","yes","tesla","","","","","","","","","","","","","","","","","","","","","","","","model_y","","","","","idk","model_y","tesla_model_y","2024-04-12 10:14:01"
"gmpXjw109jz6i39sy6nhdQVx7N9cUu4wHIN8r7uhg58w0kn1AohAIjSJkPmCmhqg","2024-04-12 12:43:58","2024-04-12 12:44:24","2024-04-12 12:44:24","","2024-04-12 12:43:59","no","","","","","","","","","","","","","","","","","","","","","","","","","","","","","","","","NA_NA","2024-04-12 12:44:24"
"HlfcH5lQYPjMHnAjkT9pSlIEqTdncwioynOp1iJbua0BNdzQi9dWKKE1iBAMx5v8","2024-04-12 13:59:55","2024-04-12 14:00:01","2024-04-12 14:00:02","","2024-04-12 13:59:55","no","","","","","","","","","","","","","","","","","","","","","","","","","","","","","","","","NA_NA","2024-04-12 14:00:02"
"7yLy4zaGmptQfMJ0Nz0FvUjX9eIykSrTdQHiSCgwBh1P5vDVVLS0RX3mcyEc_7ZH","2024-04-12 15:06:50","2024-04-12 15:07:53","2024-04-12 15:07:54","","2024-04-12 15:06:50","no","","","","","","","","","","","","","","","","","","","","","","","","","","","","","","","","NA_NA","2024-04-12 15:07:54"
"FSOXeBqRcXjuPNNypUSHq1RfI1fKqLuxzMcCmECY8EUf5zE_o3yLrHgib-MjCH3P","2024-04-12 17:14:44","2024-04-12 17:14:51","2024-04-12 17:14:52","","2024-04-12 17:14:44","no","","","","","","","","","","","","","","","","","","","","","","","","","","","","","","","","NA_NA","2024-04-12 17:14:52"
"WHpuUt0ykqfD6P3pw16hhM6VR3F9LkXJp-cyHiwMhMVIrwIX01Wlbo31Cfu6BF8l","2024-04-13 09:14:39","2024-04-13 09:14:59","2024-04-13 09:15:00","","2024-04-13 09:14:39","no","","","","","","","","","","","","","","","","","","","","","","","","","","","","","","","","NA_NA","2024-04-13 09:15:00"
"5axiikTtl2v76sJnYC9Sden0MsjaX6H-hc9FPMRsRxWnEit6EE36WfoOfZfTlFtR","2024-04-13 12:54:25","2024-04-13 12:54:57","2024-04-13 12:54:57","","2024-04-13 12:54:25","yes","chevrolet","","","","bolt_euv","","","","","","","","","","","","","","","","","","","","","","","","","idk","bolt_euv","chevrolet_bolt_euv","2024-04-13 12:54:57"
"6nLyw4mOmh4nkAUOJRJUdjyX8zFobZ1kJ1X1-DapSB1muDTj1MPn8FImMppPx8cB","2024-04-13 13:57:21","2024-04-13 13:57:45","2024-04-13 13:57:45","","2024-04-13 13:57:21","no","","","","","","","","","","","","","","","","","","","","","","","","","","","","","","","","NA_NA","2024-04-13 13:57:45"
"j6mgzl5iImS2stbnCzDFufXY5q5HpabDsyXF8eXsSWxgtZ7k4kZiP_IRau0QykZ3","2024-04-13 14:04:37","2024-04-13 14:05:11","2024-04-13 14:05:12","","2024-04-13 14:04:37","yes","ford","","","","","","mustang_mach_e","","","","","","","","","","","","","","","","","","","","","","","idk","mustang_mach_e","ford_mustang_mach_e","2024-04-13 14:05:12"
"HsWmQRRkGMPGt2YXB-0EcwOSZNlFjfrGS23f7OUJKDq5TCWkCWkdEozpv4Ymv7xn","2024-04-13 17:28:59","2024-04-13 17:29:12","2024-04-13 17:29:13","","2024-04-13 17:28:59","no","","","","","","","","","","","","","","","","","","","","","","","","","","","","","","","","NA_NA","2024-04-13 17:29:13"
"l4epMKjjysA9TdryZvT1IoAmDvVz_jXzhcyuR2AGzgG0NJnTO0n337tU6auSoPvj","2024-04-13 17:59:35","2024-04-13 17:59:49","2024-04-13 17:59:49","","2024-04-13 17:59:35","no","","","","","","","","","","","","","","","","","","","","","","","","","","","","","","","","NA_NA","2024-04-13 17:59:49"
"XmIGHl3Sm2y6UGefjzg9wvIVQsGj9-xE3A8BKa3L8kUt0oJNcyPun5W3sGILl7nX","2024-04-13 18:40:35","2024-04-13 18:40:44","2024-04-13 18:40:44","","2024-04-13 18:40:35","no","","","","","","","","","","","","","","","","","","","","","","","","","","","","","","","","NA_NA","2024-04-13 18:40:44"
"B2IJhs3qttvsabYYqFiM10fmGCDzZPw3Ms7ytW90CjFVTtA9S2A61v1dlP3fRrda","2024-04-13 18:45:29","2024-04-13 18:46:19","2024-04-13 18:46:19","","2024-04-13 18:45:29","no","","","","","","","","","","","","","","","","","","","","","","","","","","","","","","","","NA_NA","2024-04-13 18:46:19"
"rEUP0hMk9h0U_vZVp45rkzjINLZXWOL4iCccAENbzK5aBLtrmxqIoRahrCzqDGcF","2024-04-13 19:21:35","2024-04-13 19:21:44","2024-04-13 19:21:45","","2024-04-13 19:21:35","no","","","","","","","","","","","","","","","","","","","","","","","","","","","","","","","","NA_NA","2024-04-13 19:21:44"
"GL4n_lmQ6a8vmLpRSvrzethxAOOCKmtz-mFZY9CokaKrDdHK0RCcN6wOhbsLpeDy","2024-04-14 01:23:33","2024-04-14 01:23:41","2024-04-14 01:23:42","","2024-04-14 01:23:33","no","","","","","","","","","","","","","","","","","","","","","","","","","","","","","","","","NA_NA","2024-04-14 01:23:42"
"PC0JMCJhpKXWilYpPO5-ISDKZGTf3Skg2_W9-uun8FVM5z5G_KHr3juG6-Wmo3Un","2024-04-14 02:14:04","2024-04-14 02:14:29","2024-04-14 02:14:31","","2024-04-14 02:14:05","no","","","","","","","","","","","","","","","","","","","","","","","","","","","","","","","","NA_NA","2024-04-14 02:14:30"
"jnq57pTIHx8_8ukXNt50d5kVnwEneNa_6iFmvb-ZUOnXgoPxEJI8dVGl2Y-OGRWm","2024-04-14 02:39:30","","","","2024-04-14 02:39:30","","","","","","","","","","","","","","","","","","","","","","","","","","","","","","","","","",""
"l1FimAYHGKNgcPt_fLzk5lH1kmaBgvg8aX3muHqQJLVWQqHMu15n8mGFbk5ZL9z_","2024-04-14 03:17:03","2024-04-14 03:17:15","2024-04-14 03:17:16","","2024-04-14 03:17:04","no","","","","","","","","","","","","","","","","","","","","","","","","","","","","","","","","NA_NA","2024-04-14 03:17:16"
"n2n1-mKuh1jUb9ltpHB9FY_2qALru0q6Ld4VGd6IAFj2PVutxMAZFmU8eUE5lKgt","2024-04-14 03:53:39","2024-04-14 03:53:57","2024-04-14 03:53:58","","2024-04-14 03:53:39","no","","","","","","","","","","","","","","","","","","","","","","","","","","","","","","","","NA_NA","2024-04-14 03:53:57"
"VPZhzRgI-8UorzULZtG-GA6PLxMXne-F7xXROdtdHJEP94pJo6sOxZipvBXKoG8P","2024-04-14 03:53:52","2024-04-14 03:54:43","2024-04-14 03:54:44","","2024-04-14 03:53:52","yes","polestar","","","","","","","","","","","","","","","","","","","","2","","","","","","","","","idk","2","polestar_2","2024-04-14 03:54:44"
"VOmvyOtSCPcWVkmj1y8r6Ou3dEwpXbuv7nMgW2Z1h38ELcIHvuSPA2XXTddW6iCa","2024-04-14 04:02:19","2024-04-14 04:02:43","2024-04-14 04:02:43","","2024-04-14 04:02:19","no","","","","","","","","","","","","","","","","","","","","","","","","","","","","","","","","NA_NA","2024-04-14 04:02:43"
"oQozz5Kg3MNhGeOAQ2MFHl2Km6igqdtvV4FUKJYbTm4dL_DL5UFnLciKaqEQEGXE","2024-04-14 04:05:20","2024-04-14 04:05:53","2024-04-14 04:05:54","","2024-04-14 04:05:21","yes","genesis","","","","","","","gv_60","","","","","","","","","","","","","","","","","","","","","","2024","gv_60","genesis_gv_60","2024-04-14 04:05:54"
"7Muj7UxLIZn3cQJwFciuppq6oXrm73N1nZ7W5nrq-ieYQz_jawwhNToJUEsywu3a","2024-04-14 04:13:31","2024-04-14 04:13:49","2024-04-14 04:13:50","","2024-04-14 04:13:32","no","","","","","","","","","","","","","","","","","","","","","","","","","","","","","","","","NA_NA","2024-04-14 04:13:49"
"BhKHK5GybR2rQRyP1taCwJYULnH57C05BtoC4qiqC87tSwCZ4Nj8kshilwzk6ctg","2024-04-14 04:40:42","2024-04-14 04:41:03","2024-04-14 04:41:04","","2024-04-14 04:40:42","no","","","","","","","","","","","","","","","","","","","","","","","","","","","","","","","","NA_NA","2024-04-14 04:41:04"
"4fq3xGdPJr6D2gBEZ6V2Pnwd4xJF59MRRP46js6NEhAMXlEq7Lz2-ivD740-OaaB","2024-04-14 05:25:34","","","","2024-04-14 05:25:34","","","","","","","","","","","","","","","","","","","","","","","","","","","","","","","","","",""
"jtomPUEkQ6F2rS3rHB4W84m5n9oA4fEqDmLKm3x2oGw0ZEhfX8AqGEn2-HcTxfEe","2024-04-14 14:54:36","2024-04-14 14:54:47","2024-04-14 14:54:48","","2024-04-14 14:54:36","no","","","","","","","","","","","","","","","","","","","","","","","","","","","","","","","","NA_NA","2024-04-14 14:54:48"
"P6AS1L4v-wo-BIGJUnddod5C6DSsVNgpb3TYsTTq9ViDTbCwnOl1DxS7hfbapfe0","2024-04-14 17:24:43","2024-04-14 17:24:54","2024-04-14 17:24:54","","2024-04-14 17:24:44","no","","","","","","","","","","","","","","","","","","","","","","","","","","","","","","","","NA_NA","2024-04-14 17:24:54"
"WeQbrMhhYvdiJ26YZUrKwBHyoLA2U8uqDPoCU1s9rRTki-1Hb7NmoFr_GswprlaW","2024-04-14 18:38:51","2024-04-14 18:39:05","2024-04-14 18:39:06","","2024-04-14 18:38:52","no","","","","","","","","","","","","","","","","","","","","","","","","","","","","","","","","NA_NA","2024-04-14 18:39:06"
"V2vsNHW7kTW5l5IazMSo0xvB0QkrVERtK__gdoUWzpQZFvskEjkcDmIBuIaRpjga","2024-04-14 18:54:31","2024-04-14 18:54:47","2024-04-14 18:54:48","","2024-04-14 18:54:31","no","","","","","","","","","","","","","","","","","","","","","","","","","","","","","","","","NA_NA","2024-04-14 18:54:47"
"9P_KsOOx-Hndi0y4_zttyiismenLvBOsut1vyKM-lcKjGp52SI1Y9zeXCvY72zim","2024-04-14 19:34:02","2024-04-14 19:34:17","2024-04-14 19:34:17","","2024-04-14 19:34:03","no","","","","","","","","","","","","","","","","","","","","","","","","","","","","","","","","NA_NA","2024-04-14 19:34:17"
"GVEKTp4G1uC99MkTp161WCcuP4TF6UaBsdpn4wiinoOxzgouIKyqJTkhG2UNQ3Gq","2024-04-14 20:37:53","2024-04-14 20:38:08","2024-04-14 20:38:09","","2024-04-14 20:37:53","no","","","","","","","","","","","","","","","","","","","","","","","","","","","","","","","","NA_NA","2024-04-14 20:38:09"
"DBGr4XDieyM-KBN3w_w7fm8zo9OxuaHKAWnPLrMrbqnxW4cRo9n8zWkzPXio5wrc","2024-04-14 21:58:47","2024-04-14 21:59:25","2024-04-14 21:59:26","","2024-04-14 21:58:47","yes","hyundai","","","","","","","","","","ioniq_6","","","","","","","","","","","","","","","","","","","idk","ioniq_6","hyundai_ioniq_6","2024-04-14 21:59:26"
"7lWn4xEpZ8jajIgHQgxbAf_lIZsh9b-z5H2awIatQj-oFkkyRrTXw90n2sxqqMbD","2024-04-14 23:06:25","","","","2024-04-14 23:06:25","","","","","","","","","","","","","","","","","","","","","","","","","","","","","","","","","",""
"CsDvZ8VZBxZ_DBqZKUbUSSN0U4D8CfNdoO7irkT86fkVh9fUF1TFAuU3QkRJAydX","2024-04-15 03:04:39","2024-04-15 03:04:53","2024-04-15 03:04:54","","2024-04-15 03:04:40","no","","","","","","","","","","","","","","","","","","","","","","","","","","","","","","","","NA_NA","2024-04-15 03:04:54"
"oX-blkGjLYdGB1zx2MC4IzfJJP3uMHGy2kwc1wX3fCpFwEoY4SxjMLCIWInDjeVZ","2024-04-15 03:11:19","2024-04-15 03:11:45","2024-04-15 03:11:46","","2024-04-15 03:11:19","no","","","","","","","","","","","","","","","","","","","","","","","","","","","","","","","","NA_NA","2024-04-15 03:11:46"
"to-quMWWOvVrImDtsxxdEgocGzZIXrLHydqLicA38-KkdFPz08HqisVC7gWEy4m9","2024-04-15 04:55:15","2024-04-15 04:55:35","2024-04-15 04:55:36","","2024-04-15 04:55:15","no","","","","","","","","","","","","","","","","","","","","","","","","","","","","","","","","NA_NA","2024-04-15 04:55:36"
"vZU8gnyKBsvDRM4Py7bmWiUS7J5Dvkl5cRu2dHupY0o0GazZs3nmFChR5lTU0UQE","2024-04-15 06:43:18","2024-04-15 06:44:30","2024-04-15 06:44:31","","2024-04-15 06:43:18","yes","hyundai","","","","","","","","","","ioniq_6","","","","","","","","","","","","","","","","","","","2024","ioniq_6","hyundai_ioniq_6","2024-04-15 06:44:31"
"RzORVyCe927AulL-zii76NIdPjYlur0hi3HW-pOZLD5Q8X904JnTGDOeJ4MRVBNf","2024-04-15 14:34:04","2024-04-15 14:34:16","2024-04-15 14:34:17","","2024-04-15 14:34:04","no","","","","","","","","","","","","","","","","","","","","","","","","","","","","","","","","NA_NA","2024-04-15 14:34:17"
"37a5lIuSoXURo3GKhDmoYRdBAZSaOeGDy1sAoWGGdqapgJgF1JvnBxPT5ixkKVSO","2024-04-15 15:22:18","","","","2024-04-15 15:22:19","","","","","","","","","","","","","","","","","","","","","","","","","","","","","","","","","",""
"qeqPlTJ_NWtiQQLSRJngHVfwPn4-zC8sLbm5SsczZ_lt2a3kYYTWZrsuIyE33rir","2024-04-15 18:05:56","2024-04-15 18:06:43","2024-04-15 18:06:43","","2024-04-15 18:05:56","no","","","","","","","","","","","","","","","","","","","","","","","","","","","","","","","","NA_NA","2024-04-15 18:06:43"
"daV1M6BI9J7NGh_oQfXlEA6R3qcjNjKJ-4CHjo3yEDqMSfOqU50A9lqIDOOzub6U","2024-04-15 18:58:20","2024-04-15 18:58:35","2024-04-15 18:58:36","","2024-04-15 18:58:20","no","","","","","","","","","","","","","","","","","","","","","","","","","","","","","","","","NA_NA","2024-04-15 18:58:36"
"Np6weU1twXZW86Zr-HzoZHDZyToYC8Eiv9FeS566uVLOOKK7LXx0iMg6-uYlcrqg","2024-04-15 21:42:19","2024-04-15 21:42:27","2024-04-15 21:42:28","","2024-04-15 21:42:19","no","","","","","","","","","","","","","","","","","","","","","","","","","","","","","","","","NA_NA","2024-04-15 21:42:28"
"HVLd86CAhBGkeqy4DDczOo2HN-hZk25jSr87GDas80I-hDzLQTXVWuXD6GiiD7pG","2024-04-15 23:58:01","2024-04-15 23:58:43","2024-04-15 23:58:43","","2024-04-15 23:58:01","yes","chevrolet","","","","blazer_ev","","","","","","","","","","","","","","","","","","","","","","","","","2024","blazer_ev","chevrolet_blazer_ev","2024-04-15 23:58:43"
"PqabMzQG36nEdApW7dIAnE6bzr3I8r6l6DFwora3u7ucER3evSAWhFSRjuAGvFwa","2024-04-16 03:02:29","2024-04-16 03:02:40","2024-04-16 03:02:41","","2024-04-16 03:02:29","no","","","","","","","","","","","","","","","","","","","","","","","","","","","","","","","","NA_NA","2024-04-16 03:02:41"
"_Vy161doPBTcvtomBn_g4rUUm22PnDo1ZmmOMUgyqeGV4neY06-XrVCZuJHswmCq","2024-04-16 03:16:13","2024-04-16 03:16:45","2024-04-16 03:16:46","","2024-04-16 03:16:14","no","","","","","","","","","","","","","","","","","","","","","","","","","","","","","","","","NA_NA","2024-04-16 03:16:46"
"vUDfc4XX_5Y4U-9QJtjyKJauOnrkc7jcSb4eHvMD6jHHk8TaTu4wfkXTOMmEoMwC","2024-04-16 04:18:21","2024-04-16 04:18:48","2024-04-16 04:18:49","","2024-04-16 04:18:21","yes","audi","q_4_sportback_e_tron","","","","","","","","","","","","","","","","","","","","","","","","","","","","2024","q_4_sportback_e_tron","audi_q_4_sportback_e_tron","2024-04-16 04:18:49"
"ZZW1v-Jk1RVyed_OkWGjuhTigTYxIRgAlwEHkyPpeiPeTjWr8iVVH6ciuFFN8aRP","2024-04-16 04:46:15","","","","2024-04-16 04:46:15","","","","","","","","","","","","","","","","","","","","","","","","","","","","","","","","","",""
"Ro4FxMrH1N1MJCZzog9YmqM5vdvx-sfhDnXMI5IBZ7s_SjgJWdkx9aC0v1Z8p0yx","2024-04-16 06:46:42","2024-04-16 06:47:12","2024-04-16 06:47:14","","2024-04-16 06:46:42","no","","","","","","","","","","","","","","","","","","","","","","","","","","","","","","","","NA_NA","2024-04-16 06:47:13"
"UgQg8DEwmh-hVxnd33Nrahqf4kA7KoiWvT79pgBsw1yVnMbe279R5dLdEOWv_Aoi","2024-04-16 18:01:14","2024-04-16 18:01:29","2024-04-16 18:01:29","","2024-04-16 18:01:15","no","","","","","","","","","","","","","","","","","","","","","","","","","","","","","","","","NA_NA","2024-04-16 18:01:29"
"kzexXx438pzJSgwgQgQ9A0i35uJoxPTuGdUXA0gt8UmgPzqlsRFxWAoIC0YxVqhR","2024-04-16 20:04:52","2024-04-16 20:05:09","2024-04-16 20:05:09","","2024-04-16 20:04:52","no","","","","","","","","","","","","","","","","","","","","","","","","","","","","","","","","NA_NA","2024-04-16 20:05:09"
"8BgQQfPGm907VsURJ5IRP1J4GKwHXulI3l2ixDpkltD-1WSWEY5xVC2VFq5GXgTC","2024-04-16 20:06:22","2024-04-16 20:06:31","2024-04-16 20:06:32","","2024-04-16 20:06:22","no","","","","","","","","","","","","","","","","","","","","","","","","","","","","","","","","NA_NA","2024-04-16 20:06:32"
"O6evOR18hxo4-F0z_E3I3_MbktUpGFaOJLmtWEUfoRhkZMzCXSVy884bCGpl1It5","2024-04-17 00:16:31","2024-04-17 00:16:48","2024-04-17 00:16:48","","2024-04-17 00:16:31","no","","","","","","","","","","","","","","","","","","","","","","","","","","","","","","","","NA_NA","2024-04-17 00:16:48"
"2V_8ZG2azZqtG7LvFBO9ghybYVsHrXIhyC22IUHBcvI0qUCZ7-Yro7sCfN4VIZ0q","2024-04-17 02:01:10","2024-04-17 02:01:47","2024-04-17 02:01:47","","2024-04-17 02:01:10","yes","bmw","","i_7","","","","","","","","","","","","","","","","","","","","","","","","","","","2022","i_7","bmw_i_7","2024-04-17 02:01:47"
"WarACzqKLJQrh38FiyldFgf9otYpq7otm-JY2TDd8mAiiY22FYF04sDXRJk-phgr","2024-04-17 04:19:49","2024-04-17 04:20:26","2024-04-17 04:20:27","","2024-04-17 04:19:49","no","","","","","","","","","","","","","","","","","","","","","","","","","","","","","","","","NA_NA","2024-04-17 04:20:26"
"0pcPRqY70NG9UiJEt90RkGcBDUpBmY1vXACR_I6J5-nC5t5RgWH6CQnQ_tyzfWEW","2024-04-17 04:24:44","2024-04-17 04:27:45","2024-04-17 04:27:46","","2024-04-17 04:24:44","yes","mini","","","","","","","","","","","","","","","","","hardtop_2_door","","","","","","","","","","","","2023","hardtop_2_door","mini_hardtop_2_door","2024-04-17 04:27:46"
"7kIiwgaEldiKgjyx54983TUZTqvw15AxV6d-K8H3t_rFdfgeoSTWfD0Gt4e-FNDJ","2024-04-17 13:00:58","2024-04-17 13:01:15","2024-04-17 13:01:16","","2024-04-17 13:00:59","no","","","","","","","","","","","","","","","","","","","","","","","","","","","","","","","","NA_NA","2024-04-17 13:01:16"
"UxZgpkv0I8qio7upG_ITYKGa2PUfgBQQs7J7FH15PigGINXfXbe0YoSNJuZ_Vm1W","2024-04-17 17:00:37","2024-04-17 17:01:01","2024-04-17 17:01:03","","2024-04-17 17:00:37","yes","tesla","","","","","","","","","","","","","","","","","","","","","","","","model_s","","","","","idk","model_s","tesla_model_s","2024-04-17 17:01:02"
"aqpAyjZC6TqL96QfnKvDfXGXUaswQ-y-uMf9KX-9yzcg3rKmxExNIeo2RW3Arzy0","2024-04-17 19:13:28","2024-04-17 19:13:47","2024-04-17 19:13:48","","2024-04-17 19:13:28","no","","","","","","","","","","","","","","","","","","","","","","","","","","","","","","","","NA_NA","2024-04-17 19:13:48"
"ruFzoTx-424PhpjMzQ8nGSljB9unGaR4venMauGNwzzzXgKmeQzpw_RoOm1QUQ0a","2024-04-17 19:41:26","2024-04-17 19:42:20","2024-04-17 19:42:21","","2024-04-17 19:41:26","yes","mini","","","","","","","","","","","","","","","","","hardtop_2_door","","","","","","","","","","","","2024","hardtop_2_door","mini_hardtop_2_door","2024-04-17 19:42:21"
"SVlkYi60TVdTyCYyrpvmGcNiRcBQl23ZLzgEtvsOXqWhtAJFNZ7yzrO9Bcsj630A","2024-04-17 20:52:19","2024-04-17 20:52:39","2024-04-17 20:52:40","","2024-04-17 20:52:19","no","","","","","","","","","","","","","","","","","","","","","","","","","","","","","","","","NA_NA","2024-04-17 20:52:40"
"rj32VMB9s6kDfaGus0BRlvHYAmZFhJqTZ0-1Kv7pBeEICCzd5OrMqww8IW-ArXLD","2024-04-17 22:31:54","2024-04-17 22:32:06","2024-04-17 22:32:07","","2024-04-17 22:31:54","no","","","","","","","","","","","","","","","","","","","","","","","","","","","","","","","","NA_NA","2024-04-17 22:32:07"
"efo00b_ugKuahW54DTbVNj_jW3yQXviUj_m7VxCEA1ioKE8tdMf8fVMEkmBXxz1J","2024-04-18 00:27:36","2024-04-18 00:27:46","2024-04-18 00:27:47","","2024-04-18 00:27:36","no","","","","","","","","","","","","","","","","","","","","","","","","","","","","","","","","NA_NA","2024-04-18 00:27:47"
"yJyuklk-gTIgkjF7tCapzqJeKPonP72f4akKia1styYevrpwrN0SGf9iMq9tz40b","2024-04-18 02:34:56","2024-04-18 02:35:06","2024-04-18 02:35:06","","2024-04-18 02:34:56","no","","","","","","","","","","","","","","","","","","","","","","","","","","","","","","","","NA_NA","2024-04-18 02:35:06"
"5RwRZf830Kf5Zp8PNJ6_tlKXtc0GnY1uh05AfWoN6xF1t0ld3f5j_sYTtPXGDhPy","2024-04-18 04:00:25","2024-04-18 04:02:10","2024-04-18 04:02:11","","2024-04-18 04:00:25","yes","toyota","","","","","","","","","","","","","","","","","","","","","","","","","b_z_4_x","","","","idk","b_z_4_x","toyota_b_z_4_x","2024-04-18 04:02:10"
"UHBCUAB6RrvbZ0NK2nGoJ9ly3vZKuiuqcb63lzpqG2lOpkTO6yU6_tzAr3N5TPfc","2024-04-19 16:06:02","2024-04-19 16:06:32","2024-04-19 16:06:33","","2024-04-19 16:06:02","no","","","","","","","","","","","","","","","","","","","","","","","","","","","","","","","","NA_NA","2024-04-19 16:06:32"
"rY1NPCSBBRdE1bsBcD0z8svT7iTYl27-I0v6C4J6hRf8f58I-QFPP5uz60tIDx7c","2024-04-19 18:44:58","2024-04-19 18:45:58","2024-04-19 18:45:59","","2024-04-19 18:44:58","yes","hyundai","","","","","","","","","","ioniq_6","","","","","","","","","","","","","","","","","","","idk","ioniq_6","hyundai_ioniq_6","2024-04-19 18:45:59"
"_pQJ859yk9hJTZ6QN_QInTs2E9WjAhU5s0mqEu80opINPQVtLUionDDuhoM8ehAe","2024-04-22 04:43:42","2024-04-22 04:44:00","2024-04-22 04:44:01","","2024-04-22 04:43:43","yes","toyota","","","","","","","","","","","","","","","","","","","","","","","","","b_z_4_x","","","","idk","b_z_4_x","toyota_b_z_4_x","2024-04-22 04:44:01"
"7fCMUjhVC-YZcu97RPYoJT7RzgvjKh05IZ-6xKu0hbo4bj35byWYtRv_z46p-g_D","2024-04-23 23:30:27","2024-04-23 23:30:47","2024-04-23 23:30:47","","2024-04-23 23:30:27","no","","","","","","","","","","","","","","","","","","","","","","","","","","","","","","","","NA_NA","2024-04-23 23:30:47"
"oxtjQiFgMmKgixXokbQR5_ss2DgNVT2Kv2Pjb-uoTsoRYbToxKLEMg7A5Agm0gya","2024-04-24 23:52:01","2024-04-24 23:52:08","2024-04-24 23:52:08","","2024-04-24 23:52:01","no","","","","","","","","","","","","","","","","","","","","","","","","","","","","","","","","NA_NA","2024-04-24 23:52:08"
"d0JyomyBetRKbRJZGikVDZ-su4Oof5-7DjL6JIHCLlPv4UUjH6DmsIs8R1oC2Z-d","2024-04-28 22:56:12","2024-04-28 22:56:23","2024-04-28 22:56:24","","2024-04-28 22:56:12","yes","genesis","","","","","","","electrified_gv_70","","","","","","","","","","","","","","","","","","","","","","2020","electrified_gv_70","genesis_electrified_gv_70","2024-04-28 22:56:24"
"IxXtTqqA5uYV0LreCQPRRHyJj0AXeM8O_slFfNomMQi8bz7cKF4g8QyZgqKPsbVK","2024-04-29 02:00:18","2024-04-29 02:00:47","2024-04-29 02:00:48","","2024-04-29 02:00:18","yes","tesla","","","","","","","","","","","","","","","","","","","","","","","","model_s","","","","","2024","model_s","tesla_model_s","2024-04-29 02:00:48"
"AHJ_VSuNYIITQGkDSBwbVKn8y0LvCd5Dtd6F5oYl_LRWC7krriIEtOUYH3YdAf2j","2024-04-29 03:30:40","2024-04-29 03:31:08","2024-04-29 03:31:09","","2024-04-29 03:30:40","yes","ford","","","","","","focus_ev","","","","","","","","","","","","","","","","","","","","","","","2023","focus_ev","ford_focus_ev","2024-04-29 03:31:08"
"ZpGNvNh8BuE9kcogQ5VggPJgXFyfclBAX91H28itsLh8JcbAMAu6JsRPfZELlIis","2024-04-29 16:42:46","2024-04-29 16:43:04","2024-04-29 16:43:05","","2024-04-29 16:42:46","yes","nissan","","","","","","","","","","","","","","","","","","","leaf","","","","","","","","","","idk","leaf","nissan_leaf","2024-04-29 16:43:05"
"xcpDwre6wKKWd5tJyQvuAtfSf1RnTU9vc6Lgi9ALCBsAujZaRaU1I4PFiDd0huLS","2024-04-29 16:43:21","2024-04-29 16:43:47","2024-04-29 16:43:48","","2024-04-29 16:43:21","yes","chevrolet","","","","blazer_ev","","","","","","","","","","","","","","","","","","","","","","","","","2024","blazer_ev","chevrolet_blazer_ev","2024-04-29 16:43:47"
"re-1nzq6Owe5rYSYxvv0kOlS_etDhmE5KcDcYkqfD8li9UcHBFQEEOSA99LijbYO","2024-04-30 00:05:02","2024-04-30 00:05:22","2024-04-30 00:05:22","","2024-04-30 00:05:02","yes","chevrolet","","","","blazer_ev","","","","","","","","","","","","","","","","","","","","","","","","","2024","blazer_ev","chevrolet_blazer_ev","2024-04-30 00:05:22"
"xi-1NIfC7EMCASd3c54KWX2hj4pVK79VvP0Y0bkFm3XKQ3qVNIWOfFaMuCER5JhV","2024-04-30 14:12:31","2024-04-30 14:12:49","2024-04-30 14:12:49","","2024-04-30 14:12:31","yes","ford","","","","","","f_150_lightning","","","","","","","","","","","","","","","","","","","","","","","2024","f_150_lightning","ford_f_150_lightning","2024-04-30 14:12:49"
"w94HmFdLRVggc-GjFsvD7BEeJ0Jdtj-EnzKN403r1VMfflYjhFLgkzCB2l8CA59x","2024-04-30 20:39:35","2024-04-30 20:39:47","2024-04-30 20:39:48","","2024-04-30 20:39:36","no","","","","","","","","","","","","","","","","","","","","","","","","","","","","","","","","NA_NA","2024-04-30 20:39:47"
"gJ4V6s9_3V-xKFYE5dlzfjrU2H3OZ1u-EqcPzCBqi4O6wW4mLrvX-TmzNzPm6VV9","2024-05-02 03:03:34","2024-05-02 03:03:43","2024-05-02 03:03:44","","2024-05-02 03:03:34","no","","","","","","","","","","","","","","","","","","","","","","","","","","","","","","","","NA_NA","2024-05-02 03:03:44"
"FKlJ9aeMcChvYrjVv5w3erdwqpVUEw_cy7UzVCE1n2mfhgilPuoPSNF8rHpV1uKp","2024-05-02 03:45:14","2024-05-02 03:45:42","2024-05-02 03:45:42","","2024-05-02 03:45:14","yes","tesla","","","","","","","","","","","","","","","","","","","","","","","","roadster","","","","","2024","roadster","tesla_roadster","2024-05-02 03:45:42"
"49wgB7L3iMObF_oN4u4aysQ2fQ3Eu9oFvWPH_rDH8uagp4Oi1KFzMB8RJ0Yr4BtV","2024-05-04 03:20:46","2024-05-04 03:21:11","2024-05-04 03:21:12","","2024-05-04 03:20:47","no","","","","","","","","","","","","","","","","","","","","","","","","","","","","","","","","NA_NA","2024-05-04 03:21:12"
"oclni_vQPmtTMN-cn8r7m7khk9mD8r8eyX5Sp06Bjfhx15aSD5kUYhyPHwNNFUVY","2024-05-04 17:51:10","2024-05-04 17:52:12","2024-05-04 17:52:13","","2024-05-04 17:51:11","yes","bmw","","i_x","","","","","","","","","","","","","","","","","","","","","","","","","","","2023","i_x","bmw_i_x","2024-05-04 17:52:13"
"6Kv9aIAEh-W3Dc_B0OoYxkOq0g31Z4C_lPbLz57tMo8hLuh6e-2DEBIb1sKWEyS1","2024-05-05 04:19:18","2024-05-05 04:19:40","2024-05-05 04:19:41","","2024-05-05 04:19:19","yes","ford","","","","","","mustang_mach_e","","","","","","","","","","","","","","","","","","","","","","","idk","mustang_mach_e","ford_mustang_mach_e","2024-05-05 04:19:41"
"SR3uAp9c0jALIll0504Tb4q27ugq0QLtStj_OLvzGz6bWm47ReRHNp1ASbNBPeT7","2024-05-05 17:31:12","2024-05-05 17:31:34","2024-05-05 17:31:35","","2024-05-05 17:31:12","no","","","","","","","","","","","","","","","","","","","","","","","","","","","","","","","","NA_NA","2024-05-05 17:31:35"
"9pVwIQgZu80j-BD4w7zIrFPQqCtLFQVVF6z0J-YJWtwc89f15sBrgIDmPmvv1GkW","2024-05-05 17:44:48","2024-05-05 17:45:16","2024-05-05 17:45:17","","2024-05-05 17:44:48","yes","ford","","","","","","mustang_mach_e","","","","","","","","","","","","","","","","","","","","","","","2024","mustang_mach_e","ford_mustang_mach_e","2024-05-05 17:45:16"
"K34vuGdbjgFLFvP-x8ez1anTlHRueoCOdFvnsAqO2mQp1kq8iyQKr-VXZ7TdW-v7","2024-05-05 18:53:27","2024-05-05 18:53:42","2024-05-05 18:53:42","","2024-05-05 18:53:28","no","","","","","","","","","","","","","","","","","","","","","","","","","","","","","","","","NA_NA","2024-05-05 18:53:42"
"vC6Ggt7d4GGKhLb5kD1jO-THWc7NkjyR0CARAt55NBPz2IsuYaI7y5szN-cp3yDs","2024-05-05 21:24:32","2024-05-05 21:24:43","2024-05-05 21:24:43","","2024-05-05 21:24:32","no","","","","","","","","","","","","","","","","","","","","","","","","","","","","","","","","NA_NA","2024-05-05 21:24:43"
"ovyKGswwongY4DGqe-ljFWYdE8Wy2VzhmNyM9e_hzcwcDNVZtMoKoIdlvv_-b_17","2024-05-06 00:45:54","2024-05-06 00:46:23","2024-05-06 00:46:25","","2024-05-06 00:45:55","no","","","","","","","","","","","","","","","","","","","","","","","","","","","","","","","","NA_NA","2024-05-06 00:46:25"
"wuuOEIV6z3ODp65OqQpztElAGUckQTQlSvjqCLOU9ggCZF1WDb8FrWX2SFbuyZvs","2024-05-06 06:36:11","2024-05-06 06:36:59","2024-05-06 06:37:00","","2024-05-06 06:36:12","no","","","","","","","","","","","","","","","","","","","","","","","","","","","","","","","","NA_NA","2024-05-06 06:36:59"
"fBumgmEl4A0pSk_6gTGb6Viy26D70M4WK7pdDBa9Dr0CnCaCWdovSZGF9z-QlzM2","2024-05-06 15:27:21","2024-05-06 15:27:31","2024-05-06 15:27:31","","2024-05-06 15:27:22","no","","","","","","","","","","","","","","","","","","","","","","","","","","","","","","","","NA_NA","2024-05-06 15:27:31"
"SOmBCabJh7J4r_Ef_3iwBTJmLNslFoGZmEQV96GQF-erwwTSMtCvGAS3TzAuetiM","2024-05-06 19:01:06","2024-05-06 19:01:21","2024-05-06 19:01:21","","2024-05-06 19:01:06","no","","","","","","","","","","","","","","","","","","","","","","","","","","","","","","","","NA_NA","2024-05-06 19:01:21"
"pajmrGyKD9wYSZIA0-zESOOo9xZgUfeOjcEqlz_9RcZ5ejE-pVfo2kA-tuDox9yE","2024-05-06 21:39:19","2024-05-06 21:39:29","2024-05-06 21:39:30","","2024-05-06 21:39:20","no","","","","","","","","","","","","","","","","","","","","","","","","","","","","","","","","NA_NA","2024-05-06 21:39:30"
"X5IyMzEkQdMbR7rzyqZ5ZPdg7JnfOKQ6v3gusXZctj9KMhI6rVacQ_FV0TxT14QD","2024-05-07 00:55:43","2024-05-07 00:55:56","2024-05-07 00:55:58","","2024-05-07 00:55:45","no","","","","","","","","","","","","","","","","","","","","","","","","","","","","","","","","NA_NA","2024-05-07 00:55:58"
"r9oB82BNUr0CHS1bX9r6C6D2VzU7-pMapbEQAKBoYzikveR_wCHB3uzAyoXDPLgU","2024-05-07 01:01:25","2024-05-07 01:02:23","2024-05-07 01:02:26","","2024-05-07 01:01:27","yes","chevrolet","","","","bolt_ev","","","","","","","","","","","","","","","","","","","","","","","","","2024","bolt_ev","chevrolet_bolt_ev","2024-05-07 01:02:25"
"bWKPL0mBfhCB9b4m15ti996taxcbf0FFPZdC64VWZaX3FH2iSTvb5ZNwf4v_jwAC","2024-05-07 01:40:34","2024-05-07 01:40:56","2024-05-07 01:40:57","","2024-05-07 01:40:34","no","","","","","","","","","","","","","","","","","","","","","","","","","","","","","","","","NA_NA","2024-05-07 01:40:57"
"HaAW9XdOFki38Bhv8rRsphy-DTqnDci6URpP4FjZCmEJGU0hQIZ8_FlNztxmvjIL","2024-05-07 02:27:38","2024-05-07 02:27:51","2024-05-07 02:27:53","","2024-05-07 02:27:39","no","","","","","","","","","","","","","","","","","","","","","","","","","","","","","","","","NA_NA","2024-05-07 02:27:52"
"hZfySR5lvp3iPYxPeePsKfyZTRQczf5WtHgo-hGE9Q5i8aUyCNpsiO0V64HlPUXU","2024-05-07 03:34:18","2024-05-07 03:59:53","2024-05-07 03:59:54","","2024-05-07 03:34:18","yes","kia","","","","","","","","","","","","ev_6","","","","","","","","","","","","","","","","","2024","ev_6","kia_ev_6","2024-05-07 03:59:54"
"bSKtPAdtOo7KlRRTSO0A_A9zWq02lt7J9saHFPZfcRfYDmtZyUaF_G4h2YrP9psh","2024-05-07 03:43:43","2024-05-07 03:44:07","2024-05-07 03:44:08","","2024-05-07 03:43:44","yes","bmw","","i_x","","","","","","","","","","","","","","","","","","","","","","","","","","","2024","i_x","bmw_i_x","2024-05-07 03:44:08"
"X5B5fRv94n2DWfAYO2XpP7lFpCf_S3Gh4kgmXi0zT3f8xWrjfpUk58un78qWOa9d","2024-05-07 16:54:50","2024-05-07 16:55:08","2024-05-07 16:55:08","","2024-05-07 16:54:51","no","","","","","","","","","","","","","","","","","","","","","","","","","","","","","","","","NA_NA","2024-05-07 16:55:08"
"GaV_NgjjGo1hFgBPNcX3_hkEOpmVBGWV30kt3n-BcZSN7ZhGqrGOSJFwpmtlP9mW","2024-05-08 00:42:11","2024-05-08 00:42:20","2024-05-08 00:42:22","","2024-05-08 00:42:13","no","","","","","","","","","","","","","","","","","","","","","","","","","","","","","","","","NA_NA","2024-05-08 00:42:22"
"DNMinN9sp3wTeIPILleH_da-YzeQ7iDCJZunrjge8XQSYlvY0uMwgYakwJtKmIgt","2024-05-08 02:14:08","2024-05-08 02:14:20","2024-05-08 02:14:21","","2024-05-08 02:14:09","no","","","","","","","","","","","","","","","","","","","","","","","","","","","","","","","","NA_NA","2024-05-08 02:14:21"
"A9pNJyykeLg6WxRhBHt8ltZLoDb-nmXz9NpLEvpC0j6mk-wBNxwBgQjFl_k3bvyj","2024-05-08 19:17:55","2024-05-08 19:18:44","2024-05-08 19:18:44","","2024-05-08 19:17:55","no","","","","","","","","","","","","","","","","","","","","","","","","","","","","","","","","NA_NA","2024-05-08 19:18:44"
"0RlrXa1dh41WqiKNw1ciTHn9R_JlZbeMHiB0KL9B0bAJI5hJ9UWCmP-GzSu-82jd","2024-05-09 04:50:39","2024-05-09 04:51:21","2024-05-09 04:51:23","","2024-05-09 04:50:39","yes","tesla","","","","","","","","","","","","","","","","","","","","","","","","model_y","","","","","idk","model_y","tesla_model_y","2024-05-09 04:51:22"
"m58UluJNdyNr7pQFvg-MkQuc4Fo_X9HMIBheK7__dYsbxO_ApFk1Cu0JMGnYi3jx","2024-05-09 17:09:37","","","","2024-05-09 17:09:37","","","","","","","","","","","","","","","","","","","","","","","","","","","","","","","","","",""
"Qk9bq6N6JS1kJoaJ07XjxnNUBreOBQrc6wuqtr0C92LQ11kFxzWvlUJNohI-ub8g","2024-05-09 19:07:13","2024-05-09 19:07:39","2024-05-09 19:07:40","","2024-05-09 19:07:14","no","","","","","","","","","","","","","","","","","","","","","","","","","","","","","","","","NA_NA","2024-05-09 19:07:40"
"v_eUL11rs3yu73bwSbXTNvjGxO2dFpkOZbt5usYcqFNrxLiNN552MjsqBCxkH81I","2024-05-10 00:21:23","2024-05-10 00:21:31","2024-05-10 00:21:33","","2024-05-10 00:21:24","no","","","","","","","","","","","","","","","","","","","","","","","","","","","","","","","","NA_NA","2024-05-10 00:21:33"
"P-TJ82q8qLhW4VS56SrCq6QWAi9XO2Mhbcx2otGJe8QfA4SFSt8FaWWdOqBr_3-Q","2024-05-10 01:33:09","2024-05-10 01:33:26","2024-05-10 01:33:26","","2024-05-10 01:33:09","no","","","","","","","","","","","","","","","","","","","","","","","","","","","","","","","","NA_NA","2024-05-10 01:33:26"
"w2b3sEhuWOw28G7B1ToR28mhODc93G7qxs2yB_e5im_DJeM7tZQiETue1wWE79SE","2024-05-10 06:30:51","2024-05-10 06:31:13","2024-05-10 06:31:14","","2024-05-10 06:30:52","no","","","","","","","","","","","","","","","","","","","","","","","","","","","","","","","","NA_NA","2024-05-10 06:31:14"
"wQu3KMlzs_ue4zebrZjuFxbWqiNgt43JJHcVKguQLY5vjLe8avX0_15-Pg3jOolK","2024-05-10 15:13:51","2024-05-10 15:13:57","2024-05-10 15:13:58","","2024-05-10 15:13:51","no","","","","","","","","","","","","","","","","","","","","","","","","","","","","","","","","NA_NA","2024-05-10 15:13:57"
"Rdqux6NSQftXclUjJh4NbznTl6-lJx6BCdsrDE_JkJYrZYowx9nZs-28dByc7H3t","2024-05-10 20:09:54","2024-05-10 20:10:27","2024-05-10 20:10:28","","2024-05-10 20:09:54","yes","nissan","","","","","","","","","","","","","","","","","","","leaf","","","","","","","","","","2019","leaf","nissan_leaf","2024-05-10 20:10:28"
"NvP0-3hTKsm706Z6Ubs9i6RHsxS_-8mbGajx8qbvjZstwFs8to-RNm5jxb8FPFnl","2024-05-10 23:04:58","2024-05-10 23:05:13","2024-05-10 23:05:14","","2024-05-10 23:04:59","no","","","","","","","","","","","","","","","","","","","","","","","","","","","","","","","","NA_NA","2024-05-10 23:05:14"
"KRhYH7JrkZaBgxp8ZWyeEhS3bDd9PglEn8p9tV2eu0S8xWJ7V0TEoKWXYt4Qzani","2024-05-10 23:54:05","2024-05-10 23:54:15","2024-05-10 23:54:16","","2024-05-10 23:54:06","no","","","","","","","","","","","","","","","","","","","","","","","","","","","","","","","","NA_NA","2024-05-10 23:54:16"
"glRctoQH3_ObMEJQB164SsxVkhXNUfAC1pNgVqAXp8TVCa8a5fR1vetGRxQ7IW1l","2024-05-11 00:04:16","2024-05-11 00:04:28","2024-05-11 00:04:29","","2024-05-11 00:04:16","no","","","","","","","","","","","","","","","","","","","","","","","","","","","","","","","","NA_NA","2024-05-11 00:04:29"
"mXdszlfssWB_EHz3tvaGAFgdOvCjauMneCBLoKh-NDUeIzbcCO388xhEmzJSR3we","2024-05-11 00:58:31","2024-05-11 00:58:45","2024-05-11 00:58:46","","2024-05-11 00:58:31","yes","volvo","","","","","","","","","","","","","","","","","","","","","","","","","","","","xc_40_recharge","idk","xc_40_recharge","volvo_xc_40_recharge","2024-05-11 00:58:45"
"cxXp3hAw9Zr5UFVHRQ-l_OJx-qv7Xe3-LECH7DoHVn5VZQAkLY-ftMakg9tJcl2k","2024-05-11 02:17:18","2024-05-11 02:17:32","2024-05-11 02:17:33","","2024-05-11 02:17:19","no","","","","","","","","","","","","","","","","","","","","","","","","","","","","","","","","NA_NA","2024-05-11 02:17:33"
"_Nt_wfVEPA8zy7hXkrUF-Zu4Mjb7DbGdda1PMU-N9rulgCD1sH1kW1TzGVIAFWNM","2024-05-11 21:29:34","2024-05-11 21:29:58","2024-05-11 21:29:58","","2024-05-11 21:29:34","no","","","","","","","","","","","","","","","","","","","","","","","","","","","","","","","","NA_NA","2024-05-11 21:29:58"
"ZGkJovog7IBKZnk3-fuot8gztioiiY2aoQ-pMv6TfSawhBDiYIUQGXiL8JEZcpI5","2024-05-11 21:31:10","2024-05-11 21:31:34","2024-05-11 21:31:35","","2024-05-11 21:31:10","no","","","","","","","","","","","","","","","","","","","","","","","","","","","","","","","","NA_NA","2024-05-11 21:31:35"
"bjP_Vdvrm_ugv8YguDG-Kay0qzPEkez7eJ44qZt_TkHUxVKqO_Myic8e-OQt4qRR","2024-05-11 21:33:25","2024-05-11 21:33:48","","","2024-05-11 21:33:26","","","","","","","","","","","","","","","","","","","","","","","","","","","","","","","","","",""
"QJ_9xZlxLi4GJ_ERBp3D1SRRbsGDSOreGsv-rQMUdT1NcKk1GjCetZOuUhdDYban","2024-05-12 02:12:48","2024-05-12 02:13:13","2024-05-12 02:13:14","","2024-05-12 02:12:48","no","","","","","","","","","","","","","","","","","","","","","","","","","","","","","","","","NA_NA","2024-05-12 02:13:13"
"A6xum0_4QX9XDsIRgv1Cg7iR0cCAN6Rbo2aTPakNwFI5pVrr3oSs0ZwsgSkifZHV","2024-05-12 07:28:16","2024-05-12 07:29:41","2024-05-12 07:29:42","","2024-05-12 07:28:16","yes","subaru","","","","","","","","","","","","","","","","","","","","","","","solterra","","","","","","2023","solterra","subaru_solterra","2024-05-12 07:29:42"
"-LGnC0zjYWYoxrniqyEVu2lbTNG_2tnYqlGjpZdMrsJmeVpwGdnWsaE8o1MIRqjq","2024-05-12 16:34:53","2024-05-12 16:39:56","2024-05-12 16:39:57","","2024-05-12 16:34:53","yes","tesla","","","","","","","","","","","","","","","","","","","","","","","","model_3","","","","","2019","model_3","tesla_model_3","2024-05-12 16:39:57"
"Ww-LjvbX5KVYvKymmgFj7TealkCByjPhSUYgwtjERMqZhuNWlLoMunUxMPH2yLJ5","2024-05-13 05:14:25","2024-05-13 05:14:36","2024-05-13 05:14:37","","2024-05-13 05:14:26","no","","","","","","","","","","","","","","","","","","","","","","","","","","","","","","","","NA_NA","2024-05-13 05:14:37"
"sfY1FdJDk5haKPXKJSCAdqElz6kMsjuORP1wvHkwFnpDoSYhobqr-czjQKqURhc2","2024-05-13 16:49:52","2024-05-13 16:50:09","2024-05-13 16:50:10","","2024-05-13 16:49:53","no","","","","","","","","","","","","","","","","","","","","","","","","","","","","","","","","NA_NA","2024-05-13 16:50:10"
"WoZ_ctU7OTGJ5VAwlBwV1sQpfZRQ7S8xwRJ1rKqXxq2JCwnBSrZ1ilz8hj3P-J94","2024-05-13 17:08:08","2024-05-13 17:08:14","2024-05-13 17:08:14","","2024-05-13 17:08:08","no","","","","","","","","","","","","","","","","","","","","","","","","","","","","","","","","NA_NA","2024-05-13 17:08:14"
"S3H3FvI9VyX7HeO5x-DGHKCFcHplYVObK0XjfSI6aTDxZ1lzQ725tDfJedD1pXty","2024-05-13 18:37:36","2024-05-13 18:37:53","2024-05-13 18:37:54","","2024-05-13 18:37:36","no","","","","","","","","","","","","","","","","","","","","","","","","","","","","","","","","NA_NA","2024-05-13 18:37:54"
"DLdbJnL4izOcoZhDn3hjGtvjiHNfOdWh8zHCpM4ER4nmYK-vKDC2P1PxbTbxqg4P","2024-05-13 20:13:37","2024-05-13 20:13:45","2024-05-13 20:13:45","","2024-05-13 20:13:37","no","","","","","","","","","","","","","","","","","","","","","","","","","","","","","","","","NA_NA","2024-05-13 20:13:45"
"s8jPGagiJfFkNPmRUtWkxU2IdB80pcLRoB-ocOcsx7qEes80H89s4OL-ae-kqjET","2024-05-14 03:32:57","2024-05-14 03:33:23","2024-05-14 03:33:24","","2024-05-14 03:32:57","yes","rivian","","","","","","","","","","","","","","","","","","","","","","r_1_s","","","","","","","idk","r_1_s","rivian_r_1_s","2024-05-14 03:33:24"
"RA9h6Y_CUSnpwOCSkNlJwRSHgUWUjblcU4gZ39HU70_QeqbYJnObqVwHPvyvz_uo","2024-07-03 21:19:42","2024-07-03 21:19:49","2024-07-03 21:19:50","","2024-07-03 21:19:43","no","","","","","","","","","","","","","","","","","","","","","","","","","","","","","","","","NA_NA","2024-07-03 21:19:50"
"aqtoq_l-THfW7GCE7ni_OSnaueVKxdsD2kjvoY_OuaY_vM_IUm115_kf8IrX30N0","2024-07-03 22:23:26","2024-07-03 22:23:35","2024-07-03 22:23:36","","2024-07-03 22:23:26","no","","","","","","","","","","","","","","","","","","","","","","","","","","","","","","","","NA_NA","2024-07-03 22:23:36"
"LbpXGW526pI003xi7SXRFwiykOBxsAmzVfraKnINiYf1rDAepdFMmLseUkFBgSM7","2024-07-03 22:28:21","2024-07-03 22:28:34","2024-07-03 22:28:34","","2024-07-03 22:28:21","no","","","","","","","","","","","","","","","","","","","","","","","","","","","","","","","","NA_NA","2024-07-03 22:28:34"
"T1kcNqYHhX7v7SxxAAxVciKnTkUDF_JcYE_BY0L8jZ7mGYXiMMKveKWiOGbzpw-x","2024-07-04 00:26:52","2024-07-04 00:27:44","2024-07-04 00:27:46","","2024-07-04 00:26:53","yes","tesla","","","","","","","","","","","","","","","","","","","","","","","","model_3","","","","","2023","model_3","tesla_model_3","2024-07-04 00:27:45"
"3fbnVYBR-a9YFNbgA4qTyvVHDRqLWhrDBvkMH6-yHctUiyVcfJc02phTubj-Cq7-","2024-07-04 03:21:59","2024-07-04 03:22:21","2024-07-04 03:22:22","","2024-07-04 03:22:00","no","","","","","","","","","","","","","","","","","","","","","","","","","","","","","","","","NA_NA","2024-07-04 03:22:22"
"981OhjKVGEc7tmprhX8Ao2dugICVRv1XLfHBIli8QT24_mp29RkCHie1g9F48ymk","2024-07-04 05:18:08","2024-07-04 05:18:18","2024-07-04 05:40:31","","2024-07-04 05:40:20","no","","","","","","","","","","","","","","","","","","","","","","","","","","","","","","","","NA_NA","2024-07-04 05:40:31"
"3QwS15sIHK7g0H2owcpwwvtCk7vAc33wjwqhFL1K7180vUEgMvCZRX6Ct0JzCUBj","2024-07-04 09:53:52","2024-07-04 09:54:01","2024-07-04 09:54:02","","2024-07-04 09:53:52","no","","","","","","","","","","","","","","","","","","","","","","","","","","","","","","","","NA_NA","2024-07-04 09:54:02"
"-ICgDVGA_o8J5U8g5bm6LA_RIxocS9gBP_swTDoaYdGNTdqLErQ5cSFpq4B1lpBG","2024-07-05 18:45:48","2024-07-05 18:46:15","2024-07-05 18:46:16","","2024-07-05 18:45:49","yes","polestar","","","","","","","","","","","","","","","","","","","","2","","","","","","","","","idk","2","polestar_2","2024-07-05 18:46:15"
"BOHXfOmu_iWJA8oHaZjwsWdzjRqf4cMY_OCFjDz9AX6No1By1djTI4JskE53Fb81","2024-07-05 19:21:00","","","","2024-07-05 19:21:00","","","","","","","","","","","","","","","","","","","","","","","","","","","","","","","","","",""
"SQxApLFX5-3tdOPhs2VCvWqBBdUTMbO9auGps7k0H41iRhSC8ljEqdxPfZkvozq8","2024-07-05 19:58:53","2024-07-05 19:59:22","2024-07-05 19:59:22","","2024-07-05 19:58:53","yes","tesla","","","","","","","","","","","","","","","","","","","","","","","","model_x","","","","","2020","model_x","tesla_model_x","2024-07-05 19:59:22"
"N5z1wZBnMxR8ofSvyBTnAtd-LjbIFDxCd11ZI_c96Ti-hiAHQPM6s4iSIinZKXag","2024-07-06 16:22:59","2024-07-06 16:23:44","2024-07-06 16:23:45","","2024-07-06 16:22:59","no","","","","","","","","","","","","","","","","","","","","","","","","","","","","","","","","NA_NA","2024-07-06 16:23:45"
"H3p6cVcz7bKPhu1tkKhsRC5CN1HoApcVWw_SNLrQ4z-iw2SaIUgAtOimQcZWbPqy","2024-07-06 20:20:02","2024-07-06 20:20:12","2024-07-06 20:20:12","","2024-07-06 20:20:02","no","","","","","","","","","","","","","","","","","","","","","","","","","","","","","","","","NA_NA","2024-07-06 20:20:12"
"BArnsHrAFhOEN7ESAS-sK54qj_IqOube1gvCLA5xTbLpWPQcD5S2fwHhUHpcLW1f","2024-07-06 22:15:07","2024-07-06 22:15:17","2024-07-06 22:15:18","","2024-07-06 22:15:07","no","","","","","","","","","","","","","","","","","","","","","","","","","","","","","","","","NA_NA","2024-07-06 22:15:18"
"8hfrEsO1b8hzvJx76PPC9ekGinRXXAPuf_nLCLhKs4GHgvqL2A2cZfnPCh2kUC_k","2024-07-06 23:46:35","2024-07-06 23:47:05","2024-07-06 23:47:06","","2024-07-06 23:46:36","yes","rivian","","","","","","","","","","","","","","","","","","","","","","r_1_s","","","","","","","idk","r_1_s","rivian_r_1_s","2024-07-06 23:47:05"
"XKpu1Z_9L1O9KvchC64sZ8vpl6Sc5q9Q-S37Qjpi1vjL8rm4a2wGgNGZvHp8XUTC","2024-07-07 00:21:02","2024-07-07 00:21:36","2024-07-07 00:21:37","","2024-07-07 00:21:02","no","","","","","","","","","","","","","","","","","","","","","","","","","","","","","","","","NA_NA","2024-07-07 00:21:37"
"yk9OQ2bQRfF32h9oSUfqgxR2DO9Tk_RmFiC8MA3BiSivIR9k60-UvZ_h1LRm0MJ_","2024-07-07 02:02:37","2024-07-07 02:02:49","2024-07-07 02:02:50","","2024-07-07 02:02:37","no","","","","","","","","","","","","","","","","","","","","","","","","","","","","","","","","NA_NA","2024-07-07 02:02:50"
"H_GPhnP8jwGwD6bMfO2_Lt65t_w-8hs4k0FNn6PqwwzS_COody_sIle0K7tc8aM-","2024-07-07 03:19:08","2024-07-07 03:19:28","2024-07-07 03:19:29","","2024-07-07 03:19:10","no","","","","","","","","","","","","","","","","","","","","","","","","","","","","","","","","NA_NA","2024-07-07 03:19:29"
"CrznVj-QLhwij8XpGD-COVhiVB4sSDcBH5PBzv6uZu4fPhx9yfyMVEYN7VQ4MkQs","2024-07-07 03:24:33","2024-07-07 03:24:43","2024-07-07 03:24:44","","2024-07-07 03:24:33","no","","","","","","","","","","","","","","","","","","","","","","","","","","","","","","","","NA_NA","2024-07-07 03:24:44"
"xJcfZin9u-3BsRvclFqgWkFpt0cNNcXD7Et9Ai0gp_wK-Y81GhKnVZmTPbS9hrfe","2024-07-07 03:32:57","2024-07-07 03:33:15","2024-07-07 03:33:16","","2024-07-07 03:32:57","yes","ford","","","","","","mustang_mach_e","","","","","","","","","","","","","","","","","","","","","","","2024","mustang_mach_e","ford_mustang_mach_e","2024-07-07 03:33:15"
"QxtGqzXiNGhb9OMqBMn4zv1KUd7Y_FMdj0QKDd8w1ymkfxB02BWRcakrHjsNbcxB","2024-07-07 04:44:01","","","","2024-07-07 04:44:01","","","","","","","","","","","","","","","","","","","","","","","","","","","","","","","","","",""
"GDYrHFOqWbBFFikfP-n6w_aCLxKfLT78XrGBCV4UXSjnfqvcqR7f28rS-bWKblm2","2024-07-07 06:43:58","2024-07-07 06:44:11","2024-07-07 06:44:12","","2024-07-07 06:43:58","no","","","","","","","","","","","","","","","","","","","","","","","","","","","","","","","","NA_NA","2024-07-07 06:44:12"
"VjMsLobdW1iyd9JAwdmxV55bYjVWKbD8ZXuCoH7FLYLHzgzSWR48rspfeTaQMver","2024-07-07 07:01:34","2024-07-07 07:01:44","2024-07-07 07:01:45","","2024-07-07 07:01:34","no","","","","","","","","","","","","","","","","","","","","","","","","","","","","","","","","NA_NA","2024-07-07 07:01:45"
"i8pxu1gJ4idF9VyUMC1a2n-IvSSRaj5OcE67Abe9C2bg992gvlxb_Y3yRG9LtqKw","2024-07-07 08:11:11","2024-07-07 08:11:24","2024-07-07 08:11:25","","2024-07-07 08:11:11","no","","","","","","","","","","","","","","","","","","","","","","","","","","","","","","","","NA_NA","2024-07-07 08:11:25"
"yEX2I1_o_aTNTMxEk8evcCgwhAP_0mTXKFft2_3U9pnLtbUm9uoIe5TZDf-ZB1mQ","2024-07-07 10:25:13","2024-07-07 10:25:22","2024-07-07 10:25:24","","2024-07-07 10:25:13","no","","","","","","","","","","","","","","","","","","","","","","","","","","","","","","","","NA_NA","2024-07-07 10:25:23"
"c77hU1k2_keDEF-bMvnzNGmda4g5r-nyHjYtRF0skT9R_8EcOVa-MKxL7y0oaOaI","2024-07-07 15:57:03","2024-07-07 15:57:14","2024-07-07 15:57:14","","2024-07-07 15:57:03","no","","","","","","","","","","","","","","","","","","","","","","","","","","","","","","","","NA_NA","2024-07-07 15:57:14"
"zcT14AdFk4CIXyD_VJH4v2t22PS9oV8AcLRoH3I_GbsZqEWzyzPODnHNLIRNES5m","2024-07-07 19:18:21","2024-07-07 19:18:51","2024-07-07 19:18:51","","2024-07-07 19:18:21","yes","nissan","","","","","","","","","","","","","","","","","","","ariya","","","","","","","","","","idk","ariya","nissan_ariya","2024-07-07 19:18:51"
"lnTAbyvBGvlrckzkGHCOeAhztnD3gtY-ruFMKUhSqUOAbrp3_nRz1Pwnkzs2_Zrq","2024-07-07 19:39:10","2024-07-07 19:40:29","","","2024-07-07 19:39:10","","","","","","","","","","","","","","","","","","","","","","","","","","","","","","","","","",""
"akTLqLcruVRM83N0jc2_l0O4nuEr2TdiZl3IHdDPHnP-rDefLCPer6Y6LVOI3l6o","2024-07-07 20:15:37","2024-07-07 20:15:50","2024-07-07 20:15:51","","2024-07-07 20:15:38","no","","","","","","","","","","","","","","","","","","","","","","","","","","","","","","","","NA_NA","2024-07-07 20:15:50"
"tBEfJ22b6CbyicWyNIK9V-E1Ui2LJL7RHc9dTH0aY1nKDEelkoKjJFCRsZXF2wKv","2024-07-07 21:43:49","2024-07-07 21:44:23","2024-07-07 21:44:24","","2024-07-07 21:43:49","yes","ford","","","","","","mustang_mach_e","","","","","","","","","","","","","","","","","","","","","","","idk","mustang_mach_e","ford_mustang_mach_e","2024-07-07 21:44:24"
"Cnxu6-6BbZG7vYVVzT-3PM7ECPv0c1avzsxgyOSqxvrP5bOccix1i9cSyIkiN88H","2024-07-08 03:13:46","2024-07-08 03:14:00","2024-07-08 03:14:01","","2024-07-08 03:13:47","no","","","","","","","","","","","","","","","","","","","","","","","","","","","","","","","","NA_NA","2024-07-08 03:14:01"
"A_vmOGUtn0OGjsWPoNvNXmdXp7lgK_Tod0p15nh1pOSJKe6haEQjES2U58a6mr6c","2024-07-08 04:25:41","2024-07-08 04:25:53","2024-07-08 04:25:54","","2024-07-08 04:25:42","no","","","","","","","","","","","","","","","","","","","","","","","","","","","","","","","","NA_NA","2024-07-08 04:25:54"
"QPMjVs_l9ru8em-Du_dYl7MaBvge2ebzc6FPoN51bhPaTJMuwTMLFvQb4np_VrUv","2024-07-08 19:21:45","2024-07-08 19:23:32","2024-07-08 19:23:32","","2024-07-08 19:21:45","yes","rivian","","","","","","","","","","","","","","","","","","","","","","r_1_t","","","","","","","idk","r_1_t","rivian_r_1_t","2024-07-08 19:23:32"
"BTqODVdZFdzhWzxfp8diThsfeA9d3V3uz031yhM29aX66XaaZXVR-4wNiKoKt6zx","2024-07-11 00:33:26","2024-07-11 00:33:55","2024-07-11 00:33:57","","2024-07-11 00:33:28","no","","","","","","","","","","","","","","","","","","","","","","","","","","","","","","","","NA_NA","2024-07-11 00:33:57"
"ceNTHW14gJ7_Dypb_hdVc92zyZI_SmbWPmidv72cjaDuoW0A7wHYAM7OORkshFL4","2024-07-11 00:46:25","2024-07-11 00:46:42","2024-07-11 00:46:44","","2024-07-11 00:46:26","no","","","","","","","","","","","","","","","","","","","","","","","","","","","","","","","","NA_NA","2024-07-11 00:46:44"
"kTre-mcWuStJ7HBE-LtJPwE2gibWvQfcMApT5O7cJzzn-WGq3z1fGte4fAw3xfTL","2024-07-11 03:13:54","2024-07-11 03:14:58","2024-07-11 03:14:59","","2024-07-11 03:13:54","yes","chevrolet","","","","bolt_euv","","","","","","","","","","","","","","","","","","","","","","","","","idk","bolt_euv","chevrolet_bolt_euv","2024-07-11 03:14:58"
"gfHYKpOfmsehpmG0AQW_uBwPAYXkDeYnV1xEw599RMMbPSzCYdaPElryRrYBnY3D","2024-07-11 03:18:25","2024-07-11 03:18:34","2024-07-11 03:18:35","","2024-07-11 03:18:26","no","","","","","","","","","","","","","","","","","","","","","","","","","","","","","","","","NA_NA","2024-07-11 03:18:35"
"gB628BkheouQljr9skmIi7p-el6_2WRw_5cuOe_cJfa3d2eMloljWlMDUC4VJT9Y","2024-07-11 11:51:18","2024-07-11 11:51:24","","","2024-07-11 11:51:19","","","","","","","","","","","","","","","","","","","","","","","","","","","","","","","","","",""
"K6ei025u7YHLsZm-g8eQBLWHVN2IXD9ARhDpS7SRoHrBnOYIdzORb07JGCqoU9WS","2024-07-11 16:15:23","2024-07-11 16:15:34","2024-07-11 16:15:35","","2024-07-11 16:15:23","no","","","","","","","","","","","","","","","","","","","","","","","","","","","","","","","","NA_NA","2024-07-11 16:15:35"
"NZBIC6aezPfBSFuZu6iy-GZKG8soArwWEayFJMaq9WCUCAfQ9DjnL3GuUDGu7xiZ","2024-07-11 17:24:12","2024-07-11 17:24:45","2024-07-11 17:24:46","","2024-07-11 17:24:12","yes","porsche","","","","","","","","","","","","","","","","","","","","","taycan","","","","","","","","2022","taycan","porsche_taycan","2024-07-11 17:24:46"
"z29Yk-m5lhx-argKljtFQvOSfmP7zSLKKqfyXw8CsPuh39s_wAzWYxgg8cdM9_Oj","2024-07-11 17:36:34","2024-07-11 17:36:48","","","2024-07-11 17:36:34","","","","","","","","","","","","","","","","","","","","","","","","","","","","","","","","","",""
"tbe0KNM0z5RSGt2SJayWpDUbaaZBaH69gzIsiwjmpFPBjOVrAHEqM0RnJI4_V03M","2024-07-11 19:21:21","2024-07-11 19:21:54","2024-07-11 19:21:55","","2024-07-11 19:21:21","yes","hyundai","","","","","","","","","","ioniq_6","","","","","","","","","","","","","","","","","","","idk","ioniq_6","hyundai_ioniq_6","2024-07-11 19:21:55"
"sGuhga6EgyFkjZFyl3_MAcItrIiZTLu6zQmQR-jigzj-q_wUTD7eOu3up-D79NRR","2024-07-11 19:49:46","2024-07-11 19:50:02","2024-07-11 19:50:02","","2024-07-11 19:49:46","no","","","","","","","","","","","","","","","","","","","","","","","","","","","","","","","","NA_NA","2024-07-11 19:50:02"
"ib2txosJM31Pjyc32wEnQ9CHwtHYUK5sxlKSy3Ea60OeAJ1MClSdanr6i3nUjywD","2024-07-11 22:19:01","2024-07-11 22:20:04","2024-07-11 22:20:05","","2024-07-11 22:19:01","yes","rivian","","","","","","","","","","","","","","","","","","","","","","r_1_s","","","","","","","2024","r_1_s","rivian_r_1_s","2024-07-11 22:20:04"
"AcHqdVcMff4ThPEz-Wp1MnhxO1Rf5jtrnN2lTg8p8vI02Al3AFJ5LfIAmDGYaozb","2024-07-11 23:24:23","2024-07-11 23:25:07","2024-07-11 23:25:08","","2024-07-11 23:24:23","no","","","","","","","","","","","","","","","","","","","","","","","","","","","","","","","","NA_NA","2024-07-11 23:25:07"
"bkFFiULEcQmgNaVPafjZ7DHNnCLaOBdSz433rNLVjZx88SHS3ArrgpHZY-2Q_eoO","2024-07-12 00:17:28","2024-07-12 00:17:45","2024-07-12 00:17:46","","2024-07-12 00:17:28","no","","","","","","","","","","","","","","","","","","","","","","","","","","","","","","","","NA_NA","2024-07-12 00:17:46"
